CNPJ_CIA;DT_REFER;VERSAO;DENOM_CIA;CD_CVM;CATEG_DOC;ID_DOC;DT_RECEB;LINK_DOC
00.000.000/0001-91;2025-12-31;1;BCO BRASIL S.A.;001023;DFP;154715;2026-02-11;http://www.rad.cvm.gov.br/ENETCONSULTA/frmDownloadDocumento.aspx?CodigoInstituicao=1&NumeroSequencialDocumento=154715
00.001.180/0001-26;2025-12-31;1;AXIA ENERGIA S.A.;002437;DFP;154939;2026-02-26;http://www.rad.cvm.gov.br/ENETCONSULTA/frmDownloadDocumento.aspx?CodigoInstituicao=1&NumeroSequencialDocumento=154939
00.070.698/0001-11;2025-12-31;1;COMPANHIA ENERGÉTICA DE BRASÍLIA - CEB;014451;DFP;155793;2026-03-27;http://www.rad.cvm.gov.br/ENETCONSULTA/frmDownloadDocumento.aspx?CodigoInstituicao=1&NumeroSequencialDocumento=155793
00.080.671/0001-00;2025-12-31;1;CARAMURU ALIMENTOS S.A.;026190;DFP;155564;2026-03-20;http://www.rad.cvm.gov.br/ENETCONSULTA/frmDownloadDocumento.aspx?CodigoInstituicao=1&NumeroSequencialDocumento=155564
00.194.724/0001-13;2025-12-31;1;AUREN OPERAÇÕES S.A.;026174;DFP;155042;2026-03-03;http://www.rad.cvm.gov.br/ENETCONSULTA/frmDownloadDocumento.aspx?CodigoInstituicao=1&NumeroSequencialDocumento=155042
00.242.184/0001-04;2025-12-31;1;ARMAC LOCAÇÃO, LOGÍSTICA E SERVIÇOS S.A.;026069;DFP;155869;2026-03-31;http://www.rad.cvm.gov.br/ENETCONSULTA/frmDownloadDocumento.aspx?CodigoInstituicao=1&NumeroSequencialDocumento=155869
00.336.701/0001-04;2025-12-31;1;TELEC BRASILEIRAS S.A. TELEBRAS;011258;DFP;155551;2026-03-20;http://www.rad.cvm.gov.br/ENETCONSULTA/frmDownloadDocumento.aspx?CodigoInstituicao=1&NumeroSequencialDocumento=155551
00.357.038/0001-16;2025-12-31;1;AXIA ENERGIA NORTE S.A.;027472;DFP;155341;2026-03-12;http://www.rad.cvm.gov.br/ENETCONSULTA/frmDownloadDocumento.aspx?CodigoInstituicao=1&NumeroSequencialDocumento=155341
00.359.742/0001-08;2025-12-31;1;FASA S.A. - EM RECUPERAÇÃO JUDICIAL;015423;DFP;159108;2026-06-16;http://www.rad.cvm.gov.br/ENETCONSULTA/frmDownloadDocumento.aspx?CodigoInstituicao=1&NumeroSequencialDocumento=159108
00.359.742/0001-08;2025-12-31;2;FASA S.A. - EM RECUPERAÇÃO JUDICIAL;015423;DFP;159200;2026-06-24;http://www.rad.cvm.gov.br/ENETCONSULTA/frmDownloadDocumento.aspx?CodigoInstituicao=1&NumeroSequencialDocumento=159200
00.383.281/0001-09;2025-12-31;1;BNDES PARTICIPACOES S.A. - BNDESPAR;016772;DFP;155404;2026-03-17;http://www.rad.cvm.gov.br/ENETCONSULTA/frmDownloadDocumento.aspx?CodigoInstituicao=1&NumeroSequencialDocumento=155404
00.389.481/0001-79;2025-12-31;1;LM TRANSPORTES INTERESTADUAIS SERVIÇOS E COMÉRCIO S.A.;024880;DFP;155788;2026-03-27;http://www.rad.cvm.gov.br/ENETCONSULTA/frmDownloadDocumento.aspx?CodigoInstituicao=1&NumeroSequencialDocumento=155788
00.644.907/0001-93;2025-12-31;1;INVESTCO S.A.;018589;DFP;154919;2026-02-25;http://www.rad.cvm.gov.br/ENETCONSULTA/frmDownloadDocumento.aspx?CodigoInstituicao=1&NumeroSequencialDocumento=154919
00.743.065/0001-27;2025-12-31;1;LITEL PARTICIPACOES S.A.;015091;DFP;155775;2026-03-27;http://www.rad.cvm.gov.br/ENETCONSULTA/frmDownloadDocumento.aspx?CodigoInstituicao=1&NumeroSequencialDocumento=155775
00.776.574/0001-56;2025-12-31;1;AMERICANAS S.A. - EM RECUPERAÇÃO JUDICIAL;020990;DFP;155701;2026-03-25;http://www.rad.cvm.gov.br/ENETCONSULTA/frmDownloadDocumento.aspx?CodigoInstituicao=1&NumeroSequencialDocumento=155701
00.864.214/0001-06;2025-12-31;1;ENERGISA S.A.;015253;DFP;155325;2026-03-12;http://www.rad.cvm.gov.br/ENETCONSULTA/frmDownloadDocumento.aspx?CodigoInstituicao=1&NumeroSequencialDocumento=155325
00.864.214/0001-06;2025-12-31;2;ENERGISA S.A.;015253;DFP;155355;2026-03-13;http://www.rad.cvm.gov.br/ENETCONSULTA/frmDownloadDocumento.aspx?CodigoInstituicao=1&NumeroSequencialDocumento=155355
00.864.214/0001-06;2025-12-31;3;ENERGISA S.A.;015253;DFP;155361;2026-03-13;http://www.rad.cvm.gov.br/ENETCONSULTA/frmDownloadDocumento.aspx?CodigoInstituicao=1&NumeroSequencialDocumento=155361
00.873.894/0001-24;2025-12-31;1;LETS RENT A CAR S/A;027383;DFP;155424;2026-03-17;http://www.rad.cvm.gov.br/ENETCONSULTA/frmDownloadDocumento.aspx?CodigoInstituicao=1&NumeroSequencialDocumento=155424
00.897.864/0001-58;2025-12-31;1;SANTA CATARINA PART INVEST SA;015199;DFP;155373;2026-03-16;http://www.rad.cvm.gov.br/ENETCONSULTA/frmDownloadDocumento.aspx?CodigoInstituicao=1&NumeroSequencialDocumento=155373
00.897.864/0001-58;2025-12-31;2;SANTA CATARINA PART INVEST SA;015199;DFP;155492;2026-03-19;http://www.rad.cvm.gov.br/ENETCONSULTA/frmDownloadDocumento.aspx?CodigoInstituicao=1&NumeroSequencialDocumento=155492
00.924.429/0001-75;2025-12-31;1;FERROVIA CENTRO-ATLANTICA S.A.;015369;DFP;155207;2026-03-10;http://www.rad.cvm.gov.br/ENETCONSULTA/frmDownloadDocumento.aspx?CodigoInstituicao=1&NumeroSequencialDocumento=155207
00.938.574/0001-05;2025-12-31;1;CONC RIO-TERESOPOLIS S.A.;019208;DFP;155162;2026-03-06;http://www.rad.cvm.gov.br/ENETCONSULTA/frmDownloadDocumento.aspx?CodigoInstituicao=1&NumeroSequencialDocumento=155162
00.974.211/0001-25;2025-12-31;1;LINHA AMARELA S.A. - LAMSA;024937;DFP;155742;2026-03-26;http://www.rad.cvm.gov.br/ENETCONSULTA/frmDownloadDocumento.aspx?CodigoInstituicao=1&NumeroSequencialDocumento=155742
00.979.969/0001-56;2025-12-31;1;CAIXA ADM DIV PUB ESTADUAL SA;015717;DFP;155009;2026-03-03;http://www.rad.cvm.gov.br/ENETCONSULTA/frmDownloadDocumento.aspx?CodigoInstituicao=1&NumeroSequencialDocumento=155009
01.027.058/0001-91;2025-12-31;1;CIELO S.A. -  INSTITUIÇÃO DE PAGAMENTO;021733;DFP;154462;2026-01-26;http://www.rad.cvm.gov.br/ENETCONSULTA/frmDownloadDocumento.aspx?CodigoInstituicao=1&NumeroSequencialDocumento=154462
01.083.200/0001-18;2025-12-31;1;NEOENERGIA S.A.;015539;DFP;154723;2026-02-11;http://www.rad.cvm.gov.br/ENETCONSULTA/frmDownloadDocumento.aspx?CodigoInstituicao=1&NumeroSequencialDocumento=154723
01.107.327/0001-20;2025-12-31;1;BBM LOGÍSTICA S.A.;024660;DFP;159168;2026-06-22;http://www.rad.cvm.gov.br/ENETCONSULTA/frmDownloadDocumento.aspx?CodigoInstituicao=1&NumeroSequencialDocumento=159168
01.107.327/0001-20;2025-12-31;2;BBM LOGÍSTICA S.A.;024660;DFP;159219;2026-06-25;http://www.rad.cvm.gov.br/ENETCONSULTA/frmDownloadDocumento.aspx?CodigoInstituicao=1&NumeroSequencialDocumento=159219
01.258.944/0001-26;2025-12-31;1;RUMO MALHA SUL S.A.;015709;DFP;155765;2026-03-27;http://www.rad.cvm.gov.br/ENETCONSULTA/frmDownloadDocumento.aspx?CodigoInstituicao=1&NumeroSequencialDocumento=155765
01.319.044/0001-41;2025-12-31;1;WTC AMAZONAS SUITE HOTEL S.A.;015741;DFP;155881;2026-03-31;http://www.rad.cvm.gov.br/ENETCONSULTA/frmDownloadDocumento.aspx?CodigoInstituicao=1&NumeroSequencialDocumento=155881
01.417.222/0001-77;2025-12-31;1;MRS LOGISTICA S.A.;017949;DFP;155442;2026-03-17;http://www.rad.cvm.gov.br/ENETCONSULTA/frmDownloadDocumento.aspx?CodigoInstituicao=1&NumeroSequencialDocumento=155442
01.543.032/0001-04;2025-12-31;1;EQUATORIAL GOIÁS DISTRIBUIDORA DE ENERGIA S.A.;025577;DFP;155693;2026-03-25;http://www.rad.cvm.gov.br/ENETCONSULTA/frmDownloadDocumento.aspx?CodigoInstituicao=1&NumeroSequencialDocumento=155693
01.545.826/0001-07;2025-12-31;1;GAFISA S.A.;016101;DFP;155755;2026-03-26;http://www.rad.cvm.gov.br/ENETCONSULTA/frmDownloadDocumento.aspx?CodigoInstituicao=1&NumeroSequencialDocumento=155755
01.548.981/0001-79;2025-12-31;1;INVESTIMENTOS BEMGE S.A.;006041;DFP;154628;2026-02-06;http://www.rad.cvm.gov.br/ENETCONSULTA/frmDownloadDocumento.aspx?CodigoInstituicao=1&NumeroSequencialDocumento=154628
01.599.101/0001-93;2025-12-31;1;SEQUOIA LOGÍSTICA E TRANSPORTES S.A.;025160;DFP;158161;2026-05-28;http://www.rad.cvm.gov.br/ENETCONSULTA/frmDownloadDocumento.aspx?CodigoInstituicao=1&NumeroSequencialDocumento=158161
01.599.101/0001-93;2025-12-31;2;SEQUOIA LOGÍSTICA E TRANSPORTES S.A.;025160;DFP;159210;2026-06-24;http://www.rad.cvm.gov.br/ENETCONSULTA/frmDownloadDocumento.aspx?CodigoInstituicao=1&NumeroSequencialDocumento=159210
01.616.929/0001-02;2025-12-31;1;SANEAMENTO DE GOIAS SA;019186;DFP;155299;2026-03-12;http://www.rad.cvm.gov.br/ENETCONSULTA/frmDownloadDocumento.aspx?CodigoInstituicao=1&NumeroSequencialDocumento=155299
01.637.895/0001-32;2025-12-31;1;VOTORANTIM CIMENTOS S.A.;027189;DFP;155450;2026-03-18;http://www.rad.cvm.gov.br/ENETCONSULTA/frmDownloadDocumento.aspx?CodigoInstituicao=1&NumeroSequencialDocumento=155450
01.838.723/0001-27;2025-12-31;1;BRF S.A.;016292;DFP;155456;2026-03-18;http://www.rad.cvm.gov.br/ENETCONSULTA/frmDownloadDocumento.aspx?CodigoInstituicao=1&NumeroSequencialDocumento=155456
01.851.771/0001-55;2025-12-31;1;524 PARTICIPACOES S.A.;016284;DFP;154874;2026-02-25;http://www.rad.cvm.gov.br/ENETCONSULTA/frmDownloadDocumento.aspx?CodigoInstituicao=1&NumeroSequencialDocumento=154874
01.896.779/0001-38;2025-12-31;1;CSU DIGITAL S.A.;020044;DFP;155277;2026-03-11;http://www.rad.cvm.gov.br/ENETCONSULTA/frmDownloadDocumento.aspx?CodigoInstituicao=1&NumeroSequencialDocumento=155277
01.917.818/0001-36;2025-12-31;1;LIGHT ENERGIA S.A.;023000;DFP;155563;2026-03-20;http://www.rad.cvm.gov.br/ENETCONSULTA/frmDownloadDocumento.aspx?CodigoInstituicao=1&NumeroSequencialDocumento=155563
01.938.783/0001-11;2025-12-31;1;CIA PARTICIPACOES ALIANCA DA BAHIA;018708;DFP;155856;2026-03-30;http://www.rad.cvm.gov.br/ENETCONSULTA/frmDownloadDocumento.aspx?CodigoInstituicao=1&NumeroSequencialDocumento=155856
01.957.772/0001-89;2025-12-31;1;SUL 116 PARTICIPAÇÕES S.A. - EM LIQUIDAÇÃO;016438;DFP;155932;2026-03-31;http://www.rad.cvm.gov.br/ENETCONSULTA/frmDownloadDocumento.aspx?CodigoInstituicao=1&NumeroSequencialDocumento=155932
01.968.293/0001-68;2025-12-31;1;ELETRORIVER S.A.;026891;DFP;154509;2026-01-29;http://www.rad.cvm.gov.br/ENETCONSULTA/frmDownloadDocumento.aspx?CodigoInstituicao=1&NumeroSequencialDocumento=154509
01.989.044/0001-59;2025-12-31;1;WTC RIO EMPREEND. E PARTICIPAÇÕES S.A.;016551;DFP;155882;2026-03-31;http://www.rad.cvm.gov.br/ENETCONSULTA/frmDownloadDocumento.aspx?CodigoInstituicao=1&NumeroSequencialDocumento=155882
02.016.440/0001-62;2025-12-31;1;RGE SUL DISTRIBUIDORA DE ENERGIA S.A.;016527;DFP;155115;2026-03-05;http://www.rad.cvm.gov.br/ENETCONSULTA/frmDownloadDocumento.aspx?CodigoInstituicao=1&NumeroSequencialDocumento=155115
02.016.507/0001-69;2025-12-31;1;AXIA ENERGIA SUL S.A.;027480;DFP;155161;2026-03-06;http://www.rad.cvm.gov.br/ENETCONSULTA/frmDownloadDocumento.aspx?CodigoInstituicao=1&NumeroSequencialDocumento=155161
02.041.460/0001-93;2025-12-31;1;V. TAL - REDE NEUTRA DE TELECOMUNICAÇÕES S.A.;027022;DFP;154906;2026-02-25;http://www.rad.cvm.gov.br/ENETCONSULTA/frmDownloadDocumento.aspx?CodigoInstituicao=1&NumeroSequencialDocumento=154906
02.062.747/0001-08;2025-12-31;1;SUDESTE S.A.;016586;DFP;155815;2026-03-30;http://www.rad.cvm.gov.br/ENETCONSULTA/frmDownloadDocumento.aspx?CodigoInstituicao=1&NumeroSequencialDocumento=155815
02.149.205/0001-69;2025-12-31;1;PORTO SEGURO S.A.;016659;DFP;154597;2026-02-05;http://www.rad.cvm.gov.br/ENETCONSULTA/frmDownloadDocumento.aspx?CodigoInstituicao=1&NumeroSequencialDocumento=154597
02.171.304/0001-47;2025-12-31;1;FGR INCORPORAÇÕES S.A.;028010;DFP;155244;2026-03-11;http://www.rad.cvm.gov.br/ENETCONSULTA/frmDownloadDocumento.aspx?CodigoInstituicao=1&NumeroSequencialDocumento=155244
02.193.750/0001-52;2025-12-31;1;DEXXOS PARTICIPAÇÕES S.A.;016632;DFP;155652;2026-03-24;http://www.rad.cvm.gov.br/ENETCONSULTA/frmDownloadDocumento.aspx?CodigoInstituicao=1&NumeroSequencialDocumento=155652
02.201.787/0001-85;2025-12-31;1;CEL PARTICIPAÇÕES S.A. - CELPAR;016675;DFP;155792;2026-03-27;http://www.rad.cvm.gov.br/ENETCONSULTA/frmDownloadDocumento.aspx?CodigoInstituicao=1&NumeroSequencialDocumento=155792
02.217.319/0001-07;2025-12-31;1;YBYRÁ CAPITAL S.A.;016705;DFP;155954;2026-03-31;http://www.rad.cvm.gov.br/ENETCONSULTA/frmDownloadDocumento.aspx?CodigoInstituicao=1&NumeroSequencialDocumento=155954
02.217.319/0001-07;2025-12-31;2;YBYRÁ CAPITAL S.A.;016705;DFP;156260;2026-04-16;http://www.rad.cvm.gov.br/ENETCONSULTA/frmDownloadDocumento.aspx?CodigoInstituicao=1&NumeroSequencialDocumento=156260
02.255.187/0001-08;2025-12-31;1;UNIFIQUE TELECOMUNICAÇÕES S.A.;026050;DFP;155459;2026-03-18;http://www.rad.cvm.gov.br/ENETCONSULTA/frmDownloadDocumento.aspx?CodigoInstituicao=1&NumeroSequencialDocumento=155459
02.258.422/0001-97;2025-12-31;1;INEPAR EQUIPAMENTOS E MONTAGENS S/A - EM RECUPERACAO JUDICIA;017868;DFP;155904;2026-03-31;http://www.rad.cvm.gov.br/ENETCONSULTA/frmDownloadDocumento.aspx?CodigoInstituicao=1&NumeroSequencialDocumento=155904
02.281.836/0001-37;2025-12-31;1;TRANSNORDESTINA LOGISTICA SA;020443;DFP;155368;2026-03-16;http://www.rad.cvm.gov.br/ENETCONSULTA/frmDownloadDocumento.aspx?CodigoInstituicao=1&NumeroSequencialDocumento=155368
02.281.836/0001-37;2025-12-31;2;TRANSNORDESTINA LOGISTICA SA;020443;DFP;158916;2026-06-02;http://www.rad.cvm.gov.br/ENETCONSULTA/frmDownloadDocumento.aspx?CodigoInstituicao=1&NumeroSequencialDocumento=158916
02.286.479/0001-08;2025-12-31;1;LOCALIZA FLEET S.A.;024813;DFP;154954;2026-02-26;http://www.rad.cvm.gov.br/ENETCONSULTA/frmDownloadDocumento.aspx?CodigoInstituicao=1&NumeroSequencialDocumento=154954
02.291.077/0001-93;2025-12-31;1;PRODUTORES ENERGET.DE MANSO S.A.- PROMAN;019232;DFP;155226;2026-03-10;http://www.rad.cvm.gov.br/ENETCONSULTA/frmDownloadDocumento.aspx?CodigoInstituicao=1&NumeroSequencialDocumento=155226
02.291.077/0001-93;2025-12-31;2;PRODUTORES ENERGET.DE MANSO S.A.- PROMAN;019232;DFP;155230;2026-03-10;http://www.rad.cvm.gov.br/ENETCONSULTA/frmDownloadDocumento.aspx?CodigoInstituicao=1&NumeroSequencialDocumento=155230
02.302.100/0001-06;2025-12-31;1;EDP SÃO PAULO DISTRIBUIÇÃO DE ENERGIA S.A.;016985;DFP;154921;2026-02-25;http://www.rad.cvm.gov.br/ENETCONSULTA/frmDownloadDocumento.aspx?CodigoInstituicao=1&NumeroSequencialDocumento=154921
02.302.101/0001-42;2025-12-31;1;EMAE - EMPRESA METROP. DE AGUAS E ENERGIA S.A.;016993;DFP;157077;2026-05-11;http://www.rad.cvm.gov.br/ENETCONSULTA/frmDownloadDocumento.aspx?CodigoInstituicao=1&NumeroSequencialDocumento=157077
02.328.280/0001-97;2025-12-31;1;ELEKTRO REDES S.A.;017485;DFP;154729;2026-02-11;http://www.rad.cvm.gov.br/ENETCONSULTA/frmDownloadDocumento.aspx?CodigoInstituicao=1&NumeroSequencialDocumento=154729
02.338.534/0001-58;2025-12-31;1;LONGDIS S.A.;017434;DFP;155579;2026-03-23;http://www.rad.cvm.gov.br/ENETCONSULTA/frmDownloadDocumento.aspx?CodigoInstituicao=1&NumeroSequencialDocumento=155579
02.351.144/0001-18;2025-12-31;1;TEGMA GESTAO LOGISTICA S.A.;020800;DFP;155185;2026-03-09;http://www.rad.cvm.gov.br/ENETCONSULTA/frmDownloadDocumento.aspx?CodigoInstituicao=1&NumeroSequencialDocumento=155185
02.351.877/0001-52;2025-12-31;1;LWSA S/A;024910;DFP;155030;2026-03-03;http://www.rad.cvm.gov.br/ENETCONSULTA/frmDownloadDocumento.aspx?CodigoInstituicao=1&NumeroSequencialDocumento=155030
02.357.251/0001-53;2025-12-31;1;LIFEMED INDUSTRIAL DE EQUIP. E ART. MEDICOS E HOSP. S.A;024872;DFP;155771;2026-03-27;http://www.rad.cvm.gov.br/ENETCONSULTA/frmDownloadDocumento.aspx?CodigoInstituicao=1&NumeroSequencialDocumento=155771
02.365.069/0001-44;2025-12-31;1;PADTEC HOLDING S.A.;018414;DFP;154916;2026-02-25;http://www.rad.cvm.gov.br/ENETCONSULTA/frmDownloadDocumento.aspx?CodigoInstituicao=1&NumeroSequencialDocumento=154916
02.382.073/0001-10;2025-12-31;1;PROLAGOS S/A - CONC.DE SERVICOS PÚBLICOS DE ÁGUA E ESGOTO;023469;DFP;156207;2026-04-14;http://www.rad.cvm.gov.br/ENETCONSULTA/frmDownloadDocumento.aspx?CodigoInstituicao=1&NumeroSequencialDocumento=156207
02.387.241/0001-60;2025-12-31;1;RUMO S.A.;017450;DFP;155068;2026-03-04;http://www.rad.cvm.gov.br/ENETCONSULTA/frmDownloadDocumento.aspx?CodigoInstituicao=1&NumeroSequencialDocumento=155068
02.397.080/0001-96;2025-12-31;1;ITAPEBI GERACAO DE ENERGIA S.A.;019364;DFP;154730;2026-02-11;http://www.rad.cvm.gov.br/ENETCONSULTA/frmDownloadDocumento.aspx?CodigoInstituicao=1&NumeroSequencialDocumento=154730
02.421.421/0001-11;2025-12-31;1;TIM S.A.;024929;DFP;154688;2026-02-10;http://www.rad.cvm.gov.br/ENETCONSULTA/frmDownloadDocumento.aspx?CodigoInstituicao=1&NumeroSequencialDocumento=154688
02.429.144/0001-93;2025-12-31;1;CPFL ENERGIA S.A.;018660;DFP;155108;2026-03-05;http://www.rad.cvm.gov.br/ENETCONSULTA/frmDownloadDocumento.aspx?CodigoInstituicao=1&NumeroSequencialDocumento=155108
02.451.848/0001-62;2025-12-31;1;CONC SIST ANHANG-BANDEIRANT S.A. AUTOBAN;020192;DFP;154944;2026-02-26;http://www.rad.cvm.gov.br/ENETCONSULTA/frmDownloadDocumento.aspx?CodigoInstituicao=1&NumeroSequencialDocumento=154944
02.474.103/0001-19;2025-12-31;1;ENGIE BRASIL ENERGIA S.A.;017329;DFP;154900;2026-02-25;http://www.rad.cvm.gov.br/ENETCONSULTA/frmDownloadDocumento.aspx?CodigoInstituicao=1&NumeroSequencialDocumento=154900
02.474.103/0001-19;2025-12-31;2;ENGIE BRASIL ENERGIA S.A.;017329;DFP;155137;2026-03-06;http://www.rad.cvm.gov.br/ENETCONSULTA/frmDownloadDocumento.aspx?CodigoInstituicao=1&NumeroSequencialDocumento=155137
02.502.844/0001-66;2025-12-31;1;RUMO MALHA PAULISTA S.A.;017930;DFP;155607;2026-03-23;http://www.rad.cvm.gov.br/ENETCONSULTA/frmDownloadDocumento.aspx?CodigoInstituicao=1&NumeroSequencialDocumento=155607
02.509.491/0001-26;2025-12-31;1;CONC ECOVIAS IMIGRANTES S.A.;020397;DFP;155434;2026-03-17;http://www.rad.cvm.gov.br/ENETCONSULTA/frmDownloadDocumento.aspx?CodigoInstituicao=1&NumeroSequencialDocumento=155434
02.536.066/0001-26;2025-12-31;1;VITAL ENGENHARIA AMBIENTAL S.A.;027510;DFP;155614;2026-03-24;http://www.rad.cvm.gov.br/ENETCONSULTA/frmDownloadDocumento.aspx?CodigoInstituicao=1&NumeroSequencialDocumento=155614
02.536.066/0001-26;2025-12-31;2;VITAL ENGENHARIA AMBIENTAL S.A.;027510;DFP;155626;2026-03-24;http://www.rad.cvm.gov.br/ENETCONSULTA/frmDownloadDocumento.aspx?CodigoInstituicao=1&NumeroSequencialDocumento=155626
02.558.157/0001-62;2025-12-31;1;TELEFÔNICA BRASIL S.A;017671;DFP;154821;2026-02-23;http://www.rad.cvm.gov.br/ENETCONSULTA/frmDownloadDocumento.aspx?CodigoInstituicao=1&NumeroSequencialDocumento=154821
02.560.878/0001-07;2025-12-31;1;HOSPITAL ANCHIETA S.A.;026468;DFP;156173;2026-04-13;http://www.rad.cvm.gov.br/ENETCONSULTA/frmDownloadDocumento.aspx?CodigoInstituicao=1&NumeroSequencialDocumento=156173
02.591.787/0001-39;2025-12-31;1;CAPITALPART PARTICIPACOES S.A.;017493;DFP;155490;2026-03-19;http://www.rad.cvm.gov.br/ENETCONSULTA/frmDownloadDocumento.aspx?CodigoInstituicao=1&NumeroSequencialDocumento=155490
02.600.854/0001-34;2025-12-31;1;TIM BRASIL SERVIÇOS E PARTICIPAÇÕES S.A.;027090;DFP;154724;2026-02-11;http://www.rad.cvm.gov.br/ENETCONSULTA/frmDownloadDocumento.aspx?CodigoInstituicao=1&NumeroSequencialDocumento=154724
02.635.522/0001-95;2025-03-31;1;JALLES MACHADO S.A.;025496;DFP;149510;2025-06-17;http://www.rad.cvm.gov.br/ENETCONSULTA/frmDownloadDocumento.aspx?CodigoInstituicao=1&NumeroSequencialDocumento=149510
02.762.121/0001-04;2025-12-31;1;SANTOS BRASIL PARTICIPACOES S.A.;017892;DFP;155304;2026-03-12;http://www.rad.cvm.gov.br/ENETCONSULTA/frmDownloadDocumento.aspx?CodigoInstituicao=1&NumeroSequencialDocumento=155304
02.762.124/0001-30;2025-12-31;1;BETAPART PARTICIPACOES S.A.;017884;DFP;154895;2026-02-25;http://www.rad.cvm.gov.br/ENETCONSULTA/frmDownloadDocumento.aspx?CodigoInstituicao=1&NumeroSequencialDocumento=154895
02.796.775/0001-40;2025-12-31;1;GAMA PARTICIPACOES S.A.;017965;DFP;154889;2026-02-25;http://www.rad.cvm.gov.br/ENETCONSULTA/frmDownloadDocumento.aspx?CodigoInstituicao=1&NumeroSequencialDocumento=154889
02.800.026/0001-40;2025-12-31;1;COGNA EDUCAÇÃO S.A.;017973;DFP;155270;2026-03-11;http://www.rad.cvm.gov.br/ENETCONSULTA/frmDownloadDocumento.aspx?CodigoInstituicao=1&NumeroSequencialDocumento=155270
02.800.026/0001-40;2025-12-31;2;COGNA EDUCAÇÃO S.A.;017973;DFP;155805;2026-03-27;http://www.rad.cvm.gov.br/ENETCONSULTA/frmDownloadDocumento.aspx?CodigoInstituicao=1&NumeroSequencialDocumento=155805
02.846.056/0001-97;2025-12-31;1;MOTIVA INFRAESTRUTURA DE MOBILIDADE S.A.;018821;DFP;154655;2026-02-09;http://www.rad.cvm.gov.br/ENETCONSULTA/frmDownloadDocumento.aspx?CodigoInstituicao=1&NumeroSequencialDocumento=154655
02.860.694/0001-62;2025-12-31;1;T4F ENTRETENIMENTO S.A.;022454;DFP;155712;2026-03-26;http://www.rad.cvm.gov.br/ENETCONSULTA/frmDownloadDocumento.aspx?CodigoInstituicao=1&NumeroSequencialDocumento=155712
02.916.265/0001-60;2025-12-31;1;JBS S.A.;020575;DFP;155687;2026-03-25;http://www.rad.cvm.gov.br/ENETCONSULTA/frmDownloadDocumento.aspx?CodigoInstituicao=1&NumeroSequencialDocumento=155687
02.919.555/0001-67;2025-12-31;1;ARTERIS S.A.;019771;DFP;155003;2026-03-03;http://www.rad.cvm.gov.br/ENETCONSULTA/frmDownloadDocumento.aspx?CodigoInstituicao=1&NumeroSequencialDocumento=155003
02.919.555/0001-67;2025-12-31;2;ARTERIS S.A.;019771;DFP;155574;2026-03-23;http://www.rad.cvm.gov.br/ENETCONSULTA/frmDownloadDocumento.aspx?CodigoInstituicao=1&NumeroSequencialDocumento=155574
02.932.074/0001-91;2025-12-31;1;HYPERA S.A.;021431;DFP;155321;2026-03-12;http://www.rad.cvm.gov.br/ENETCONSULTA/frmDownloadDocumento.aspx?CodigoInstituicao=1&NumeroSequencialDocumento=155321
02.950.811/0001-89;2025-12-31;1;PDG REALTY S.A. EMPREEND E PARTICIPACOES;020478;DFP;155843;2026-03-30;http://www.rad.cvm.gov.br/ENETCONSULTA/frmDownloadDocumento.aspx?CodigoInstituicao=1&NumeroSequencialDocumento=155843
02.992.449/0001-09;2025-12-31;1;PROMPT PARTICIPACOES S.A.;018333;DFP;154878;2026-02-25;http://www.rad.cvm.gov.br/ENETCONSULTA/frmDownloadDocumento.aspx?CodigoInstituicao=1&NumeroSequencialDocumento=154878
02.998.301/0001-81;2025-12-31;1;RIO PARANAPANEMA ENERGIA S.A.;018368;DFP;154952;2026-02-26;http://www.rad.cvm.gov.br/ENETCONSULTA/frmDownloadDocumento.aspx?CodigoInstituicao=1&NumeroSequencialDocumento=154952
02.998.301/0001-81;2025-12-31;2;RIO PARANAPANEMA ENERGIA S.A.;018368;DFP;156115;2026-04-09;http://www.rad.cvm.gov.br/ENETCONSULTA/frmDownloadDocumento.aspx?CodigoInstituicao=1&NumeroSequencialDocumento=156115
02.998.611/0001-04;2025-12-31;1;ISA ENERGIA BRASIL;018376;DFP;154871;2026-02-24;http://www.rad.cvm.gov.br/ENETCONSULTA/frmDownloadDocumento.aspx?CodigoInstituicao=1&NumeroSequencialDocumento=154871
03.014.553/0001-91;2025-12-31;1;TPI - TRIUNFO PARTICIP. E INVEST. S.A.;019330;DFP;155158;2026-03-06;http://www.rad.cvm.gov.br/ENETCONSULTA/frmDownloadDocumento.aspx?CodigoInstituicao=1&NumeroSequencialDocumento=155158
03.025.305/0001-46;2025-12-31;1;RODOVIAS DAS COLINAS S.A.;023167;DFP;156047;2026-04-07;http://www.rad.cvm.gov.br/ENETCONSULTA/frmDownloadDocumento.aspx?CodigoInstituicao=1&NumeroSequencialDocumento=156047
03.207.703/0001-83;2025-12-31;1;CONCESSIONARIA DE RODOVIAS DO INTERIOR PAULISTA S/A;021849;DFP;155040;2026-03-03;http://www.rad.cvm.gov.br/ENETCONSULTA/frmDownloadDocumento.aspx?CodigoInstituicao=1&NumeroSequencialDocumento=155040
03.220.438/0001-73;2025-12-31;1;EQUATORIAL S.A.;020010;DFP;155689;2026-03-25;http://www.rad.cvm.gov.br/ENETCONSULTA/frmDownloadDocumento.aspx?CodigoInstituicao=1&NumeroSequencialDocumento=155689
03.220.438/0001-73;2025-12-31;2;EQUATORIAL S.A.;020010;DFP;156081;2026-04-08;http://www.rad.cvm.gov.br/ENETCONSULTA/frmDownloadDocumento.aspx?CodigoInstituicao=1&NumeroSequencialDocumento=156081
03.279.285/0001-30;2025-12-31;1;ORIZON MEIO AMBIENTE S.A.;027049;DFP;155711;2026-03-25;http://www.rad.cvm.gov.br/ENETCONSULTA/frmDownloadDocumento.aspx?CodigoInstituicao=1&NumeroSequencialDocumento=155711
03.303.999/0001-36;2025-12-31;1;DTCOM - DIRECT TO COMPANY S.A.;018597;DFP;155917;2026-03-31;http://www.rad.cvm.gov.br/ENETCONSULTA/frmDownloadDocumento.aspx?CodigoInstituicao=1&NumeroSequencialDocumento=155917
03.342.704/0001-30;2025-12-31;1;PETRORECÔNCAVO S.A.;025780;DFP;155475;2026-03-18;http://www.rad.cvm.gov.br/ENETCONSULTA/frmDownloadDocumento.aspx?CodigoInstituicao=1&NumeroSequencialDocumento=155475
03.378.521/0001-75;2025-12-31;1;LIGHT S.A. - EM RECUPERAÇÃO JUDICIAL;019879;DFP;155559;2026-03-20;http://www.rad.cvm.gov.br/ENETCONSULTA/frmDownloadDocumento.aspx?CodigoInstituicao=1&NumeroSequencialDocumento=155559
03.467.321/0001-99;2025-12-31;1;ENERGISA MATO GROSSO-DISTRIBUIDORA DE ENERGIA S/A;014605;DFP;155319;2026-03-12;http://www.rad.cvm.gov.br/ENETCONSULTA/frmDownloadDocumento.aspx?CodigoInstituicao=1&NumeroSequencialDocumento=155319
03.538.833/0001-07;2025-12-31;1;XX DE NOVEMBRO INVESTIMENTOS E PARTICIPAÇÕES S.A.;020001;DFP;155876;2026-03-31;http://www.rad.cvm.gov.br/ENETCONSULTA/frmDownloadDocumento.aspx?CodigoInstituicao=1&NumeroSequencialDocumento=155876
03.758.318/0001-24;2025-12-31;1;INVESTIMENTOS E PARTICIP. EM INFRA S.A. - INVEPAR;018775;DFP;155790;2026-03-27;http://www.rad.cvm.gov.br/ENETCONSULTA/frmDownloadDocumento.aspx?CodigoInstituicao=1&NumeroSequencialDocumento=155790
03.820.456/0001-96;2025-12-31;1;BSB ENERGÉTICA S.A.;026883;DFP;154736;2026-02-12;http://www.rad.cvm.gov.br/ENETCONSULTA/frmDownloadDocumento.aspx?CodigoInstituicao=1&NumeroSequencialDocumento=154736
03.847.461/0001-92;2025-12-31;1;BRADESPAR S.A.;018724;DFP;155757;2026-03-27;http://www.rad.cvm.gov.br/ENETCONSULTA/frmDownloadDocumento.aspx?CodigoInstituicao=1&NumeroSequencialDocumento=155757
03.853.896/0001-40;2025-12-31;1;MARFRIG GLOBAL FOODS S.A.;020788;DFP;155455;2026-03-18;http://www.rad.cvm.gov.br/ENETCONSULTA/frmDownloadDocumento.aspx?CodigoInstituicao=1&NumeroSequencialDocumento=155455
03.983.431/0001-03;2025-12-31;1;EDP - ENERGIAS DO BRASIL S.A.;019763;DFP;154918;2026-02-25;http://www.rad.cvm.gov.br/ENETCONSULTA/frmDownloadDocumento.aspx?CodigoInstituicao=1&NumeroSequencialDocumento=154918
04.030.182/0001-02;2025-12-31;1;CABINDA PARTICIPACOES S.A.;019119;DFP;155150;2026-03-06;http://www.rad.cvm.gov.br/ENETCONSULTA/frmDownloadDocumento.aspx?CodigoInstituicao=1&NumeroSequencialDocumento=155150
04.031.213/0001-31;2025-12-31;1;CACONDE PARTICIPACOES S.A.;019135;DFP;155155;2026-03-06;http://www.rad.cvm.gov.br/ENETCONSULTA/frmDownloadDocumento.aspx?CodigoInstituicao=1&NumeroSequencialDocumento=155155
04.031.213/0001-31;2025-12-31;2;CACONDE PARTICIPACOES S.A.;019135;DFP;155159;2026-03-06;http://www.rad.cvm.gov.br/ENETCONSULTA/frmDownloadDocumento.aspx?CodigoInstituicao=1&NumeroSequencialDocumento=155159
04.032.433/0001-80;2025-12-31;1;CONTAX PARTICIPAÇÕES S.A. - EM RECUPERAÇÃO JUDICIAL;019100;DFP;156022;2026-04-02;http://www.rad.cvm.gov.br/ENETCONSULTA/frmDownloadDocumento.aspx?CodigoInstituicao=1&NumeroSequencialDocumento=156022
04.038.763/0001-82;2025-12-31;1;CAIANDA PARTICIPACOES S.A.;019097;DFP;155154;2026-03-06;http://www.rad.cvm.gov.br/ENETCONSULTA/frmDownloadDocumento.aspx?CodigoInstituicao=1&NumeroSequencialDocumento=155154
04.065.053/0001-41;2025-12-31;1;BRZ EMPREENDIMENTOS E CONSTRUÇÕES S.A.;027391;DFP;155599;2026-03-23;http://www.rad.cvm.gov.br/ENETCONSULTA/frmDownloadDocumento.aspx?CodigoInstituicao=1&NumeroSequencialDocumento=155599
04.069.709/0001-02;2025-12-31;1;BIONEXO S.A.;025925;DFP;155972;2026-04-01;http://www.rad.cvm.gov.br/ENETCONSULTA/frmDownloadDocumento.aspx?CodigoInstituicao=1&NumeroSequencialDocumento=155972
04.089.570/0001-50;2025-12-31;1;ÁGUAS GUARIROBA S.A;023442;DFP;156206;2026-04-14;http://www.rad.cvm.gov.br/ENETCONSULTA/frmDownloadDocumento.aspx?CodigoInstituicao=1&NumeroSequencialDocumento=156206
04.149.454/0001-80;2025-12-31;1;ECORODOVIAS INFRAESTRUTURA E LOGÍSTICA S.A.;019453;DFP;155429;2026-03-17;http://www.rad.cvm.gov.br/ENETCONSULTA/frmDownloadDocumento.aspx?CodigoInstituicao=1&NumeroSequencialDocumento=155429
04.172.213/0001-51;2025-12-31;1;CIA PIRATININGA DE FORCA E LUZ;019275;DFP;155113;2026-03-05;http://www.rad.cvm.gov.br/ENETCONSULTA/frmDownloadDocumento.aspx?CodigoInstituicao=1&NumeroSequencialDocumento=155113
04.212.396/0001-91;2025-12-31;1;VOKE S.A.;027324;DFP;155852;2026-03-30;http://www.rad.cvm.gov.br/ENETCONSULTA/frmDownloadDocumento.aspx?CodigoInstituicao=1&NumeroSequencialDocumento=155852
04.368.865/0001-66;2025-12-31;1;LIGGA TELECOMUNICAÇÕES S.A.;027367;DFP;157373;2026-05-14;http://www.rad.cvm.gov.br/ENETCONSULTA/frmDownloadDocumento.aspx?CodigoInstituicao=1&NumeroSequencialDocumento=157373
04.368.898/0001-06;2025-12-31;1;COPEL DISTRIBUIÇÃO S.A.;026808;DFP;154948;2026-02-26;http://www.rad.cvm.gov.br/ENETCONSULTA/frmDownloadDocumento.aspx?CodigoInstituicao=1&NumeroSequencialDocumento=154948
04.370.282/0001-70;2025-12-31;1;COPEL GERAÇÃO E TRANSMISSÃO S.A.;024740;DFP;154947;2026-02-26;http://www.rad.cvm.gov.br/ENETCONSULTA/frmDownloadDocumento.aspx?CodigoInstituicao=1&NumeroSequencialDocumento=154947
04.423.567/0001-21;2025-12-31;1;ENEVA S.A;021237;DFP;155111;2026-03-05;http://www.rad.cvm.gov.br/ENETCONSULTA/frmDownloadDocumento.aspx?CodigoInstituicao=1&NumeroSequencialDocumento=155111
04.601.397/0001-28;2025-12-31;1;BRISANET SERVIÇOS DE TELECOMUNICAÇÕES S.A.;027693;DFP;155478;2026-03-18;http://www.rad.cvm.gov.br/ENETCONSULTA/frmDownloadDocumento.aspx?CodigoInstituicao=1&NumeroSequencialDocumento=155478
04.626.426/0001-06;2025-12-31;1;BTG PACTUAL COMMODITIES SERTRADING S.A.;027774;DFP;155294;2026-03-12;http://www.rad.cvm.gov.br/ENETCONSULTA/frmDownloadDocumento.aspx?CodigoInstituicao=1&NumeroSequencialDocumento=155294
04.739.720/0001-24;2025-12-31;1;USINA TERMELÉTRICA PAMPA SUL S.A.;024945;DFP;155351;2026-03-13;http://www.rad.cvm.gov.br/ENETCONSULTA/frmDownloadDocumento.aspx?CodigoInstituicao=1&NumeroSequencialDocumento=155351
04.752.991/0001-10;2025-12-31;1;BIOMM S.A.;019305;DFP;155696;2026-03-25;http://www.rad.cvm.gov.br/ENETCONSULTA/frmDownloadDocumento.aspx?CodigoInstituicao=1&NumeroSequencialDocumento=155696
04.821.041/0001-08;2025-12-31;1;METALFRIO SOLUTIONS S.A.;020613;DFP;155550;2026-03-20;http://www.rad.cvm.gov.br/ENETCONSULTA/frmDownloadDocumento.aspx?CodigoInstituicao=1&NumeroSequencialDocumento=155550
04.895.728/0001-80;2025-12-31;1;EQUATORIAL PARÁ DISTRIBUIDORA DE ENERGIA S.A.;018309;DFP;155695;2026-03-25;http://www.rad.cvm.gov.br/ENETCONSULTA/frmDownloadDocumento.aspx?CodigoInstituicao=1&NumeroSequencialDocumento=155695
04.902.979/0001-44;2025-12-31;1;BCO AMAZONIA S.A.;000922;DFP;156293;2026-04-17;http://www.rad.cvm.gov.br/ENETCONSULTA/frmDownloadDocumento.aspx?CodigoInstituicao=1&NumeroSequencialDocumento=156293
04.912.242/0001-02;2025-12-31;1;PORTUENSE FERRAGENS S/A;009717;DFP;155056;2026-03-04;http://www.rad.cvm.gov.br/ENETCONSULTA/frmDownloadDocumento.aspx?CodigoInstituicao=1&NumeroSequencialDocumento=155056
04.913.711/0001-08;2025-12-31;1;BCO ESTADO DO PARA S.A.;001171;DFP;155558;2026-03-20;http://www.rad.cvm.gov.br/ENETCONSULTA/frmDownloadDocumento.aspx?CodigoInstituicao=1&NumeroSequencialDocumento=155558
04.972.092/0001-22;2025-12-31;1;GRUPO FARTURA DE HORTIFRUT S.A.;026166;DFP;155847;2026-03-30;http://www.rad.cvm.gov.br/ENETCONSULTA/frmDownloadDocumento.aspx?CodigoInstituicao=1&NumeroSequencialDocumento=155847
04.986.320/0001-13;2025-12-31;1;SER EDUCACIONAL S.A.;023221;DFP;155688;2026-03-25;http://www.rad.cvm.gov.br/ENETCONSULTA/frmDownloadDocumento.aspx?CodigoInstituicao=1&NumeroSequencialDocumento=155688
04.992.714/0001-84;2025-12-31;1;NOVA TRANSPORTADORA DO SUDESTE S.A. - NTS;024708;DFP;155733;2026-03-26;http://www.rad.cvm.gov.br/ENETCONSULTA/frmDownloadDocumento.aspx?CodigoInstituicao=1&NumeroSequencialDocumento=155733
05.197.443/0001-38;2025-12-31;1;HAPVIDA PARTICIPAÇÕES E INVESTIMENTOS S.A.;024392;DFP;155457;2026-03-18;http://www.rad.cvm.gov.br/ENETCONSULTA/frmDownloadDocumento.aspx?CodigoInstituicao=1&NumeroSequencialDocumento=155457
05.336.882/0001-84;2025-12-31;1;CACHOEIRA PAULISTA TRANSMISSORA ENERGIA S.A.;022683;DFP;155824;2026-03-30;http://www.rad.cvm.gov.br/ENETCONSULTA/frmDownloadDocumento.aspx?CodigoInstituicao=1&NumeroSequencialDocumento=155824
05.878.397/0001-32;2025-12-31;1;ALLOS S.A.;022357;DFP;155236;2026-03-10;http://www.rad.cvm.gov.br/ENETCONSULTA/frmDownloadDocumento.aspx?CodigoInstituicao=1&NumeroSequencialDocumento=155236
05.917.486/0001-40;2025-12-31;1;LIVETECH DA BAHIA INDÚSTRIA E COMÉRCIO S.A.;025895;DFP;155859;2026-03-30;http://www.rad.cvm.gov.br/ENETCONSULTA/frmDownloadDocumento.aspx?CodigoInstituicao=1&NumeroSequencialDocumento=155859
06.047.087/0001-39;2025-12-31;1;REDE D'OR SÃO LUIZ S.A.;024821;DFP;154910;2026-02-25;http://www.rad.cvm.gov.br/ENETCONSULTA/frmDownloadDocumento.aspx?CodigoInstituicao=1&NumeroSequencialDocumento=154910
06.057.223/0001-71;2025-12-31;1;SENDAS DISTRIBUIDORA S.A.;025372;DFP;154718;2026-02-11;http://www.rad.cvm.gov.br/ENETCONSULTA/frmDownloadDocumento.aspx?CodigoInstituicao=1&NumeroSequencialDocumento=154718
06.164.253/0001-87;2025-12-31;1;GOL LINHAS AEREAS INTELIGENTES S.A.;019569;DFP;155866;2026-03-30;http://www.rad.cvm.gov.br/ENETCONSULTA/frmDownloadDocumento.aspx?CodigoInstituicao=1&NumeroSequencialDocumento=155866
06.164.253/0001-87;2025-12-31;2;GOL LINHAS AEREAS INTELIGENTES S.A.;019569;DFP;155870;2026-03-31;http://www.rad.cvm.gov.br/ENETCONSULTA/frmDownloadDocumento.aspx?CodigoInstituicao=1&NumeroSequencialDocumento=155870
06.267.630/0001-03;2025-09-30;1;COMPANHIA BRASILEIRA DE EDUCAÇÃO E SISTEMA DE ENSINO S.A.;028002;DFP;153856;2025-12-16;http://www.rad.cvm.gov.br/ENETCONSULTA/frmDownloadDocumento.aspx?CodigoInstituicao=1&NumeroSequencialDocumento=153856
06.272.793/0001-84;2025-12-31;1;EQUATORIAL MARANHÃO DISTRIBUIDORA DE ENERGIA S.A.;016608;DFP;155698;2026-03-25;http://www.rad.cvm.gov.br/ENETCONSULTA/frmDownloadDocumento.aspx?CodigoInstituicao=1&NumeroSequencialDocumento=155698
06.347.409/0001-65;2025-12-31;1;SBF COMÉRCIO DE PRODUTOS ESPORTIVOS S.A.;025410;DFP;155194;2026-03-09;http://www.rad.cvm.gov.br/ENETCONSULTA/frmDownloadDocumento.aspx?CodigoInstituicao=1&NumeroSequencialDocumento=155194
06.626.253/0001-51;2025-12-31;1;EMPREENDIMENTOS PAGUE MENOS S.A.;022608;DFP;154977;2026-02-27;http://www.rad.cvm.gov.br/ENETCONSULTA/frmDownloadDocumento.aspx?CodigoInstituicao=1&NumeroSequencialDocumento=154977
06.977.745/0001-91;2025-12-31;1;BR MALLS PARTICIPACOES S.A.;019909;DFP;155514;2026-03-19;http://www.rad.cvm.gov.br/ENETCONSULTA/frmDownloadDocumento.aspx?CodigoInstituicao=1&NumeroSequencialDocumento=155514
06.981.176/0001-58;2025-12-31;1;CEMIG GERACAO E TRANSMISSAO S.A.;020320;DFP;155516;2026-03-19;http://www.rad.cvm.gov.br/ENETCONSULTA/frmDownloadDocumento.aspx?CodigoInstituicao=1&NumeroSequencialDocumento=155516
06.981.176/0001-58;2025-12-31;2;CEMIG GERACAO E TRANSMISSAO S.A.;020320;DFP;159090;2026-06-15;http://www.rad.cvm.gov.br/ENETCONSULTA/frmDownloadDocumento.aspx?CodigoInstituicao=1&NumeroSequencialDocumento=159090
06.981.180/0001-16;2025-12-31;1;CEMIG DISTRIBUICAO S.A.;020303;DFP;155517;2026-03-19;http://www.rad.cvm.gov.br/ENETCONSULTA/frmDownloadDocumento.aspx?CodigoInstituicao=1&NumeroSequencialDocumento=155517
06.981.381/0001-13;2025-03-31;1;CTC - CENTRO DE TECNOLOGIA CANAVIEIRA S.A.;023981;DFP;148167;2025-05-22;http://www.rad.cvm.gov.br/ENETCONSULTA/frmDownloadDocumento.aspx?CodigoInstituicao=1&NumeroSequencialDocumento=148167
07.040.108/0001-57;2025-12-31;1;CAGECE - CIA DE AGUA E ESGOTO DO CEARA;018546;DFP;154966;2026-02-27;http://www.rad.cvm.gov.br/ENETCONSULTA/frmDownloadDocumento.aspx?CodigoInstituicao=1&NumeroSequencialDocumento=154966
07.043.628/0001-13;2025-12-31;1;CLARO TELECOM PARTICIPAÇÕES S.A.;023531;DFP;155690;2026-03-25;http://www.rad.cvm.gov.br/ENETCONSULTA/frmDownloadDocumento.aspx?CodigoInstituicao=1&NumeroSequencialDocumento=155690
07.047.251/0001-70;2025-12-31;1;CIA ENERGETICA DO CEARA - COELCE;014869;DFP;154867;2026-02-24;http://www.rad.cvm.gov.br/ENETCONSULTA/frmDownloadDocumento.aspx?CodigoInstituicao=1&NumeroSequencialDocumento=154867
07.119.838/0001-48;2025-12-31;1;SECME - COMPANHIA SECURITIZADORA DE CRÉDITOS IMOBILIÁRIOS;019720;DFP;155498;2026-03-19;http://www.rad.cvm.gov.br/ENETCONSULTA/frmDownloadDocumento.aspx?CodigoInstituicao=1&NumeroSequencialDocumento=155498
07.206.816/0001-15;2025-12-31;1;M.DIAS BRANCO S.A. IND COM DE ALIMENTOS;020338;DFP;154936;2026-02-26;http://www.rad.cvm.gov.br/ENETCONSULTA/frmDownloadDocumento.aspx?CodigoInstituicao=1&NumeroSequencialDocumento=154936
07.237.373/0001-20;2025-12-31;1;BCO NORDESTE DO BRASIL S.A.;001228;DFP;155477;2026-03-18;http://www.rad.cvm.gov.br/ENETCONSULTA/frmDownloadDocumento.aspx?CodigoInstituicao=1&NumeroSequencialDocumento=155477
07.253.321/0001-47;2025-12-31;1;CARBOMIL SA MINER. E INDUSTRIA;014168;DFP;155826;2026-03-30;http://www.rad.cvm.gov.br/ENETCONSULTA/frmDownloadDocumento.aspx?CodigoInstituicao=1&NumeroSequencialDocumento=155826
07.275.159/0001-68;2025-12-31;1;PETROLEO LUB DO NORDESTE SA;009520;DFP;155252;2026-03-11;http://www.rad.cvm.gov.br/ENETCONSULTA/frmDownloadDocumento.aspx?CodigoInstituicao=1&NumeroSequencialDocumento=155252
07.282.377/0001-20;2025-12-31;1;ENERGISA SUL-SUDESTE - DISTRIBUIDORA DE ENERGIA S/A;024864;DFP;155327;2026-03-12;http://www.rad.cvm.gov.br/ENETCONSULTA/frmDownloadDocumento.aspx?CodigoInstituicao=1&NumeroSequencialDocumento=155327
07.334.600/0001-35;2025-12-31;1;MARINA DE IRACEMA PARK SA;016268;DFP;155348;2026-03-13;http://www.rad.cvm.gov.br/ENETCONSULTA/frmDownloadDocumento.aspx?CodigoInstituicao=1&NumeroSequencialDocumento=155348
07.401.436/0001-31;2025-12-31;1;ELDORADO BRASIL CELULOSE S.A.;022810;DFP;155858;2026-03-30;http://www.rad.cvm.gov.br/ENETCONSULTA/frmDownloadDocumento.aspx?CodigoInstituicao=1&NumeroSequencialDocumento=155858
07.415.333/0001-20;2025-12-31;1;SIMPAR S.A.;025003;DFP;155854;2026-03-30;http://www.rad.cvm.gov.br/ENETCONSULTA/frmDownloadDocumento.aspx?CodigoInstituicao=1&NumeroSequencialDocumento=155854
07.526.557/0001-00;2025-12-31;1;AMBEV S.A.;023264;DFP;154733;2026-02-12;http://www.rad.cvm.gov.br/ENETCONSULTA/frmDownloadDocumento.aspx?CodigoInstituicao=1&NumeroSequencialDocumento=154733
07.594.978/0001-78;2025-12-31;1;SMARTFIT ESCOLA DE GINÁSTICA E DANÇA S.A.;024260;DFP;155246;2026-03-11;http://www.rad.cvm.gov.br/ENETCONSULTA/frmDownloadDocumento.aspx?CodigoInstituicao=1&NumeroSequencialDocumento=155246
07.628.528/0001-59;2025-06-30;1;BRASILAGRO - CIA BRAS DE PROP AGRICOLAS;020036;DFP;151759;2025-09-03;http://www.rad.cvm.gov.br/ENETCONSULTA/frmDownloadDocumento.aspx?CodigoInstituicao=1&NumeroSequencialDocumento=151759
07.636.657/0001-99;2025-12-31;1;AÇO VERDE DO BRASIL S.A;026425;DFP;155592;2026-03-23;http://www.rad.cvm.gov.br/ENETCONSULTA/frmDownloadDocumento.aspx?CodigoInstituicao=1&NumeroSequencialDocumento=155592
07.659.538/0001-51;2025-12-31;1;DINAMICA ENERGIA S.A.;020052;DFP;155489;2026-03-19;http://www.rad.cvm.gov.br/ENETCONSULTA/frmDownloadDocumento.aspx?CodigoInstituicao=1&NumeroSequencialDocumento=155489
07.682.638/0001-07;2025-12-31;1;CONCESSIONÁRIA DA LINHA 4 DO METRÔ DE SÃO PAULO S.A.;027731;DFP;155097;2026-03-05;http://www.rad.cvm.gov.br/ENETCONSULTA/frmDownloadDocumento.aspx?CodigoInstituicao=1&NumeroSequencialDocumento=155097
07.689.002/0001-89;2025-12-31;1;EMBRAER S.A.;020087;DFP;155126;2026-03-06;http://www.rad.cvm.gov.br/ENETCONSULTA/frmDownloadDocumento.aspx?CodigoInstituicao=1&NumeroSequencialDocumento=155126
07.714.104/0001-07;2025-12-31;1;GIGA MAIS FIBRA TELECOMUNICAÇÕES S.A.;027502;DFP;155100;2026-03-05;http://www.rad.cvm.gov.br/ENETCONSULTA/frmDownloadDocumento.aspx?CodigoInstituicao=1&NumeroSequencialDocumento=155100
07.802.794/0001-56;2025-12-31;1;ESSENTIA PCHS S.A.;026158;DFP;155650;2026-03-24;http://www.rad.cvm.gov.br/ENETCONSULTA/frmDownloadDocumento.aspx?CodigoInstituicao=1&NumeroSequencialDocumento=155650
07.816.890/0001-53;2025-12-31;1;MULTIPLAN - EMPREEND IMOBILIARIOS S.A.;020982;DFP;154609;2026-02-05;http://www.rad.cvm.gov.br/ENETCONSULTA/frmDownloadDocumento.aspx?CodigoInstituicao=1&NumeroSequencialDocumento=154609
07.820.907/0001-46;2025-12-31;1;FICA EMPREENDIMENTOS IMOBILIÁRIOS S.A.;020630;DFP;156448;2026-04-28;http://www.rad.cvm.gov.br/ENETCONSULTA/frmDownloadDocumento.aspx?CodigoInstituicao=1&NumeroSequencialDocumento=156448
07.823.262/0001-03;2025-12-31;1;FOZ DO RIO CLARO ENERGIA S.A.;026697;DFP;154909;2026-02-25;http://www.rad.cvm.gov.br/ENETCONSULTA/frmDownloadDocumento.aspx?CodigoInstituicao=1&NumeroSequencialDocumento=154909
07.857.093/0001-14;2025-12-31;1;AURA MINERALS INC.;080187;DFP;154955;2026-02-26;http://www.rad.cvm.gov.br/ENETCONSULTA/frmDownloadDocumento.aspx?CodigoInstituicao=1&NumeroSequencialDocumento=154955
07.859.971/0001-30;2025-12-31;1;TRANSMISSORA ALIANÇA DE ENERGIA ELÉTRICA S.A.;020257;DFP;155448;2026-03-17;http://www.rad.cvm.gov.br/ENETCONSULTA/frmDownloadDocumento.aspx?CodigoInstituicao=1&NumeroSequencialDocumento=155448
07.882.930/0001-65;2025-12-31;1;MITRE REALTY EMPREENDIMENTOS E PARTICIPAÇÕES S.A.;024902;DFP;155123;2026-03-05;http://www.rad.cvm.gov.br/ENETCONSULTA/frmDownloadDocumento.aspx?CodigoInstituicao=1&NumeroSequencialDocumento=155123
08.065.557/0001-12;2025-12-31;1;TECNISA S.A.;020435;DFP;155728;2026-03-26;http://www.rad.cvm.gov.br/ENETCONSULTA/frmDownloadDocumento.aspx?CodigoInstituicao=1&NumeroSequencialDocumento=155728
08.070.508/0001-78;2025-03-31;1;RAIZEN ENERGIA S.A.;023230;DFP;147553;2025-05-13;http://www.rad.cvm.gov.br/ENETCONSULTA/frmDownloadDocumento.aspx?CodigoInstituicao=1&NumeroSequencialDocumento=147553
08.078.847/0001-09;2025-12-31;1;LPS BRASIL - CONSULTORIA DE IMOVEIS S.A.;020370;DFP;155501;2026-03-19;http://www.rad.cvm.gov.br/ENETCONSULTA/frmDownloadDocumento.aspx?CodigoInstituicao=1&NumeroSequencialDocumento=155501
08.100.057/0001-74;2025-12-31;1;TECNOGERA-LOCAÇÃO E TRANSFORMAÇÃO DE ENERGIA S.A.;027847;DFP;155925;2026-03-31;http://www.rad.cvm.gov.br/ENETCONSULTA/frmDownloadDocumento.aspx?CodigoInstituicao=1&NumeroSequencialDocumento=155925
08.159.965/0001-33;2025-12-31;1;IGUA SANEAMENTO S.A.;023175;DFP;155708;2026-03-25;http://www.rad.cvm.gov.br/ENETCONSULTA/frmDownloadDocumento.aspx?CodigoInstituicao=1&NumeroSequencialDocumento=155708
08.170.849/0001-15;2025-12-31;1;DESKTOP S.A.;026026;DFP;155444;2026-03-17;http://www.rad.cvm.gov.br/ENETCONSULTA/frmDownloadDocumento.aspx?CodigoInstituicao=1&NumeroSequencialDocumento=155444
08.213.823/0001-07;2025-12-31;1;AURA ALMAS MINERAÇÃO S.A.;026590;DFP;155863;2026-03-30;http://www.rad.cvm.gov.br/ENETCONSULTA/frmDownloadDocumento.aspx?CodigoInstituicao=1&NumeroSequencialDocumento=155863
08.262.121/0001-13;2025-12-31;1;ALUBAR METAIS E CABOS S.A.;027430;DFP;155864;2026-03-30;http://www.rad.cvm.gov.br/ENETCONSULTA/frmDownloadDocumento.aspx?CodigoInstituicao=1&NumeroSequencialDocumento=155864
08.294.224/0001-65;2025-12-31;1;JHSF PARTICIPACOES S.A.;020605;DFP;155875;2026-03-31;http://www.rad.cvm.gov.br/ENETCONSULTA/frmDownloadDocumento.aspx?CodigoInstituicao=1&NumeroSequencialDocumento=155875
08.312.229/0001-73;2025-12-31;1;EZ TEC EMPREEND. E PARTICIPACOES S.A.;020770;DFP;155329;2026-03-12;http://www.rad.cvm.gov.br/ENETCONSULTA/frmDownloadDocumento.aspx?CodigoInstituicao=1&NumeroSequencialDocumento=155329
08.322.396/0001-03;2025-03-31;1;CERRADINHO BIOENERGIA S.A.;026522;DFP;149619;2025-06-25;http://www.rad.cvm.gov.br/ENETCONSULTA/frmDownloadDocumento.aspx?CodigoInstituicao=1&NumeroSequencialDocumento=149619
08.324.196/0001-81;2025-12-31;1;CIA ENERGETICA DO RIO GDE NORTE - COSERN;018139;DFP;154725;2026-02-11;http://www.rad.cvm.gov.br/ENETCONSULTA/frmDownloadDocumento.aspx?CodigoInstituicao=1&NumeroSequencialDocumento=154725
08.343.492/0001-20;2025-12-31;1;MRV ENGENHARIA E PARTICIPACOES S.A.;020915;DFP;155167;2026-03-09;http://www.rad.cvm.gov.br/ENETCONSULTA/frmDownloadDocumento.aspx?CodigoInstituicao=1&NumeroSequencialDocumento=155167
08.364.948/0001-38;2025-12-31;1;ALUPAR INVESTIMENTO S/A;021490;DFP;155099;2026-03-05;http://www.rad.cvm.gov.br/ENETCONSULTA/frmDownloadDocumento.aspx?CodigoInstituicao=1&NumeroSequencialDocumento=155099
08.397.078/0001-01;2025-12-31;1;GSH CORP PARTICIPAÇÕES S.A.;026603;DFP;155741;2026-03-26;http://www.rad.cvm.gov.br/ENETCONSULTA/frmDownloadDocumento.aspx?CodigoInstituicao=1&NumeroSequencialDocumento=155741
08.402.943/0001-52;2025-12-31;1;GUARARAPES CONFECCOES S.A.;004669;DFP;154721;2026-02-11;http://www.rad.cvm.gov.br/ENETCONSULTA/frmDownloadDocumento.aspx?CodigoInstituicao=1&NumeroSequencialDocumento=154721
08.424.178/0001-71;2025-12-31;1;TECBLU TECELAGEM BLUMENAU S.A.;011215;DFP;155073;2026-03-05;http://www.rad.cvm.gov.br/ENETCONSULTA/frmDownloadDocumento.aspx?CodigoInstituicao=1&NumeroSequencialDocumento=155073
08.424.178/0001-71;2025-12-31;2;TECBLU TECELAGEM BLUMENAU S.A.;011215;DFP;155212;2026-03-10;http://www.rad.cvm.gov.br/ENETCONSULTA/frmDownloadDocumento.aspx?CodigoInstituicao=1&NumeroSequencialDocumento=155212
08.439.659/0001-50;2025-12-31;1;CPFL ENERGIAS RENOVÁVEIS S.A.;020540;DFP;155114;2026-03-05;http://www.rad.cvm.gov.br/ENETCONSULTA/frmDownloadDocumento.aspx?CodigoInstituicao=1&NumeroSequencialDocumento=155114
08.467.115/0001-00;2025-12-31;1;CIA ESTADUAL DE DISTRIB ENER ELET-CEEE-D;020648;DFP;155697;2026-03-25;http://www.rad.cvm.gov.br/ENETCONSULTA/frmDownloadDocumento.aspx?CodigoInstituicao=1&NumeroSequencialDocumento=155697
08.534.605/0001-74;2025-12-31;1;RENOVA ENERGIA S.A.;021636;DFP;155951;2026-03-31;http://www.rad.cvm.gov.br/ENETCONSULTA/frmDownloadDocumento.aspx?CodigoInstituicao=1&NumeroSequencialDocumento=155951
08.560.444/0001-93;2025-12-31;1;CIA CELG DE PARTICIPACOES - CELGPAR;021393;DFP;155891;2026-03-31;http://www.rad.cvm.gov.br/ENETCONSULTA/frmDownloadDocumento.aspx?CodigoInstituicao=1&NumeroSequencialDocumento=155891
08.574.411/0001-00;2025-12-31;1;PRÁTICA PRODUTOS S.A.;024546;DFP;155961;2026-03-31;http://www.rad.cvm.gov.br/ENETCONSULTA/frmDownloadDocumento.aspx?CodigoInstituicao=1&NumeroSequencialDocumento=155961
08.613.550/0001-98;2025-12-31;1;NEXPE PARTICIPAÇÕES S.A;021180;DFP;155945;2026-03-31;http://www.rad.cvm.gov.br/ENETCONSULTA/frmDownloadDocumento.aspx?CodigoInstituicao=1&NumeroSequencialDocumento=155945
08.764.621/0001-53;2025-12-31;1;GENERAL SHOPPING E OUTLETS DO BRASIL BRASIL S.A.;021008;DFP;155857;2026-03-30;http://www.rad.cvm.gov.br/ENETCONSULTA/frmDownloadDocumento.aspx?CodigoInstituicao=1&NumeroSequencialDocumento=155857
08.795.211/0001-70;2025-12-31;1;MAESTRO LOCADORA DE VEICULOS S.A.;023612;DFP;155789;2026-03-27;http://www.rad.cvm.gov.br/ENETCONSULTA/frmDownloadDocumento.aspx?CodigoInstituicao=1&NumeroSequencialDocumento=155789
08.797.760/0001-83;2025-12-31;1;CURY CONSTRUTORA E INCORPORADORA S.A.;025100;DFP;155237;2026-03-10;http://www.rad.cvm.gov.br/ENETCONSULTA/frmDownloadDocumento.aspx?CodigoInstituicao=1&NumeroSequencialDocumento=155237
08.801.621/0001-86;2025-12-31;1;SYN PROP & TECH S.A.;021040;DFP;155738;2026-03-26;http://www.rad.cvm.gov.br/ENETCONSULTA/frmDownloadDocumento.aspx?CodigoInstituicao=1&NumeroSequencialDocumento=155738
08.807.432/0001-10;2025-12-31;1;YDUQS PARTICIPACOES S.A.;021016;DFP;155266;2026-03-11;http://www.rad.cvm.gov.br/ENETCONSULTA/frmDownloadDocumento.aspx?CodigoInstituicao=1&NumeroSequencialDocumento=155266
08.811.643/0001-27;2025-12-31;1;TRISUL S.A.;021130;DFP;155106;2026-03-05;http://www.rad.cvm.gov.br/ENETCONSULTA/frmDownloadDocumento.aspx?CodigoInstituicao=1&NumeroSequencialDocumento=155106
08.822.767/0001-08;2025-12-31;1;CONCESSIONÁRIA DA RODOVIA MG-050 S.A.;024104;DFP;156071;2026-04-08;http://www.rad.cvm.gov.br/ENETCONSULTA/frmDownloadDocumento.aspx?CodigoInstituicao=1&NumeroSequencialDocumento=156071
08.827.501/0001-58;2025-12-31;1;AEGEA SANEAMENTO E PARTICIPAÇÕES S.A.;023396;DFP;156154;2026-04-11;http://www.rad.cvm.gov.br/ENETCONSULTA/frmDownloadDocumento.aspx?CodigoInstituicao=1&NumeroSequencialDocumento=156154
08.827.501/0001-58;2025-12-31;2;AEGEA SANEAMENTO E PARTICIPAÇÕES S.A.;023396;DFP;156163;2026-04-13;http://www.rad.cvm.gov.br/ENETCONSULTA/frmDownloadDocumento.aspx?CodigoInstituicao=1&NumeroSequencialDocumento=156163
08.845.676/0001-98;2025-12-31;1;CORPÓREOS - SERVIÇOS TERAPÊUTICOS S.A.;027669;DFP;155840;2026-03-30;http://www.rad.cvm.gov.br/ENETCONSULTA/frmDownloadDocumento.aspx?CodigoInstituicao=1&NumeroSequencialDocumento=155840
08.873.873/0001-10;2025-12-31;1;ECORODOVIAS CONCESSÕES E SERVIÇOS S.A.;021903;DFP;155430;2026-03-17;http://www.rad.cvm.gov.br/ENETCONSULTA/frmDownloadDocumento.aspx?CodigoInstituicao=1&NumeroSequencialDocumento=155430
08.902.291/0001-15;2025-12-31;1;CSN MINERAÇÃO S.A.;025585;DFP;155287;2026-03-11;http://www.rad.cvm.gov.br/ENETCONSULTA/frmDownloadDocumento.aspx?CodigoInstituicao=1&NumeroSequencialDocumento=155287
08.902.291/0001-15;2025-12-31;2;CSN MINERAÇÃO S.A.;025585;DFP;155318;2026-03-12;http://www.rad.cvm.gov.br/ENETCONSULTA/frmDownloadDocumento.aspx?CodigoInstituicao=1&NumeroSequencialDocumento=155318
08.926.302/0001-05;2025-12-31;1;PRIO FORTE S.A.;027740;DFP;155753;2026-03-26;http://www.rad.cvm.gov.br/ENETCONSULTA/frmDownloadDocumento.aspx?CodigoInstituicao=1&NumeroSequencialDocumento=155753
08.935.054/0001-50;2025-12-31;1;MULTINER S/A;021520;DFP;155959;2026-03-31;http://www.rad.cvm.gov.br/ENETCONSULTA/frmDownloadDocumento.aspx?CodigoInstituicao=1&NumeroSequencialDocumento=155959
09.041.168/0001-10;2025-12-31;1;LOG COMMERCIAL PROPERTIES E PARTICIPAÇÕES;023272;DFP;154714;2026-02-11;http://www.rad.cvm.gov.br/ENETCONSULTA/frmDownloadDocumento.aspx?CodigoInstituicao=1&NumeroSequencialDocumento=154714
09.042.817/0001-05;2025-12-31;1;BEMOBI MOBILE TECH S.A.;025500;DFP;155508;2026-03-19;http://www.rad.cvm.gov.br/ENETCONSULTA/frmDownloadDocumento.aspx?CodigoInstituicao=1&NumeroSequencialDocumento=155508
09.053.134/0001-45;2025-12-31;1;ELFA MEDICAMENTOS S.A.;025348;DFP;155443;2026-03-17;http://www.rad.cvm.gov.br/ENETCONSULTA/frmDownloadDocumento.aspx?CodigoInstituicao=1&NumeroSequencialDocumento=155443
09.054.385/0001-44;2025-12-31;1;INBRANDS S.A.;022560;DFP;155948;2026-03-31;http://www.rad.cvm.gov.br/ENETCONSULTA/frmDownloadDocumento.aspx?CodigoInstituicao=1&NumeroSequencialDocumento=155948
09.074.183/0001-64;2025-12-31;1;TRANSBRASILIANA CONCESSIONÁRIA DE RODOVIA S.A;022225;DFP;155201;2026-03-09;http://www.rad.cvm.gov.br/ENETCONSULTA/frmDownloadDocumento.aspx?CodigoInstituicao=1&NumeroSequencialDocumento=155201
09.095.183/0001-40;2025-12-31;1;ENERGISA PARAÍBA - DISTRIBUIDORA DE ENERGIA S/A;021938;DFP;155324;2026-03-12;http://www.rad.cvm.gov.br/ENETCONSULTA/frmDownloadDocumento.aspx?CodigoInstituicao=1&NumeroSequencialDocumento=155324
09.112.685/0001-32;2025-12-31;1;OSX BRASIL S.A. - EM RECUPERAÇÃO JUDICIAL;021342;DFP;155923;2026-03-31;http://www.rad.cvm.gov.br/ENETCONSULTA/frmDownloadDocumento.aspx?CodigoInstituicao=1&NumeroSequencialDocumento=155923
09.114.805/0001-30;2025-12-31;1;OCEANPACT SERVIÇOS MARITIMOS S.A.;025534;DFP;155072;2026-03-04;http://www.rad.cvm.gov.br/ENETCONSULTA/frmDownloadDocumento.aspx?CodigoInstituicao=1&NumeroSequencialDocumento=155072
09.146.451/0001-06;2025-12-31;1;KALLAS INCORPORAÇÕES E CONSTRUÇÕES S.A.;025798;DFP;154853;2026-02-24;http://www.rad.cvm.gov.br/ENETCONSULTA/frmDownloadDocumento.aspx?CodigoInstituicao=1&NumeroSequencialDocumento=154853
09.149.503/0001-06;2025-12-31;1;SERENA GERAÇÃO S.A.;023426;DFP;155549;2026-03-20;http://www.rad.cvm.gov.br/ENETCONSULTA/frmDownloadDocumento.aspx?CodigoInstituicao=1&NumeroSequencialDocumento=155549
09.229.201/0001-30;2025-12-31;1;GPS PARTICIPAÇÕES E EMPREENDIMENTOS S.A.;025712;DFP;155121;2026-03-05;http://www.rad.cvm.gov.br/ENETCONSULTA/frmDownloadDocumento.aspx?CodigoInstituicao=1&NumeroSequencialDocumento=155121
09.257.877/0001-37;2025-12-31;1;FERROVIA NORTE SUL S/A;021814;DFP;155206;2026-03-10;http://www.rad.cvm.gov.br/ENETCONSULTA/frmDownloadDocumento.aspx?CodigoInstituicao=1&NumeroSequencialDocumento=155206
09.288.252/0001-32;2025-12-31;1;ANIMA HOLDING S.A.;023248;DFP;155306;2026-03-12;http://www.rad.cvm.gov.br/ENETCONSULTA/frmDownloadDocumento.aspx?CodigoInstituicao=1&NumeroSequencialDocumento=155306
09.288.252/0001-32;2025-12-31;2;ANIMA HOLDING S.A.;023248;DFP;155312;2026-03-12;http://www.rad.cvm.gov.br/ENETCONSULTA/frmDownloadDocumento.aspx?CodigoInstituicao=1&NumeroSequencialDocumento=155312
09.295.063/0001-97;2025-12-31;1;TECHNOS S.A.;022519;DFP;155198;2026-03-09;http://www.rad.cvm.gov.br/ENETCONSULTA/frmDownloadDocumento.aspx?CodigoInstituicao=1&NumeroSequencialDocumento=155198
09.304.427/0001-58;2025-12-31;1;HABITASEC SECURITIZADORA SA;021628;DFP;155352;2026-03-13;http://www.rad.cvm.gov.br/ENETCONSULTA/frmDownloadDocumento.aspx?CodigoInstituicao=1&NumeroSequencialDocumento=155352
09.305.994/0001-29;2025-12-31;1;AZUL S.A.;024112;DFP;155766;2026-03-27;http://www.rad.cvm.gov.br/ENETCONSULTA/frmDownloadDocumento.aspx?CodigoInstituicao=1&NumeroSequencialDocumento=155766
09.305.994/0001-29;2025-12-31;2;AZUL S.A.;024112;DFP;155800;2026-03-27;http://www.rad.cvm.gov.br/ENETCONSULTA/frmDownloadDocumento.aspx?CodigoInstituicao=1&NumeroSequencialDocumento=155800
09.305.994/0001-29;2025-12-31;3;AZUL S.A.;024112;DFP;155967;2026-03-31;http://www.rad.cvm.gov.br/ENETCONSULTA/frmDownloadDocumento.aspx?CodigoInstituicao=1&NumeroSequencialDocumento=155967
09.313.969/0001-97;2025-12-31;1;AUTOPISTA LITORAL SUL;021997;DFP;155039;2026-03-03;http://www.rad.cvm.gov.br/ENETCONSULTA/frmDownloadDocumento.aspx?CodigoInstituicao=1&NumeroSequencialDocumento=155039
09.324.949/0001-11;2025-12-31;1;AUTOPISTA FLUMINENSE SA;022004;DFP;155034;2026-03-03;http://www.rad.cvm.gov.br/ENETCONSULTA/frmDownloadDocumento.aspx?CodigoInstituicao=1&NumeroSequencialDocumento=155034
09.325.109/0001-73;2025-12-31;1;AUTOPISTA PLANALTO SUL SA;021970;DFP;155037;2026-03-03;http://www.rad.cvm.gov.br/ENETCONSULTA/frmDownloadDocumento.aspx?CodigoInstituicao=1&NumeroSequencialDocumento=155037
09.326.342/0001-70;2025-12-31;1;AUTOPISTA FERNÃO DIAS SA;021989;DFP;155036;2026-03-03;http://www.rad.cvm.gov.br/ENETCONSULTA/frmDownloadDocumento.aspx?CodigoInstituicao=1&NumeroSequencialDocumento=155036
09.336.431/0001-06;2025-12-31;1;AUTOPISTA REGIS BITTENCOURT SA;021962;DFP;155038;2026-03-03;http://www.rad.cvm.gov.br/ENETCONSULTA/frmDownloadDocumento.aspx?CodigoInstituicao=1&NumeroSequencialDocumento=155038
09.346.601/0001-25;2025-12-31;1;B3 S.A. - BRASIL, BOLSA, BALCÃO;021610;DFP;154935;2026-02-26;http://www.rad.cvm.gov.br/ENETCONSULTA/frmDownloadDocumento.aspx?CodigoInstituicao=1&NumeroSequencialDocumento=154935
09.359.927/0001-97;2025-12-31;1;ASA BRANCA HOLDING S.A.;026514;DFP;155807;2026-03-27;http://www.rad.cvm.gov.br/ENETCONSULTA/frmDownloadDocumento.aspx?CodigoInstituicao=1&NumeroSequencialDocumento=155807
09.391.823/0001-60;2025-12-31;1;AXIA ENERGIA UHE SANTO ANTÔNIO S.A.;023388;DFP;154951;2026-02-26;http://www.rad.cvm.gov.br/ENETCONSULTA/frmDownloadDocumento.aspx?CodigoInstituicao=1&NumeroSequencialDocumento=154951
09.538.973/0001-53;2025-12-31;1;PDG COMPANHIA SECURITIZADORA;021644;DFP;155848;2026-03-30;http://www.rad.cvm.gov.br/ENETCONSULTA/frmDownloadDocumento.aspx?CodigoInstituicao=1&NumeroSequencialDocumento=155848
09.584.854/0001-37;2025-12-31;1;MANAUS TRANSMISSORA DE ENERGIA S.A;026719;DFP;155297;2026-03-12;http://www.rad.cvm.gov.br/ENETCONSULTA/frmDownloadDocumento.aspx?CodigoInstituicao=1&NumeroSequencialDocumento=155297
09.611.768/0001-76;2025-12-31;1;INC EMPREENDIMENTOS IMOBILIÁRIOS S.A.;024279;DFP;154640;2026-02-06;http://www.rad.cvm.gov.br/ENETCONSULTA/frmDownloadDocumento.aspx?CodigoInstituicao=1&NumeroSequencialDocumento=154640
09.625.321/0001-56;2025-12-31;1;NORTE BRASIL TRANSMISSORA DE ENERGIA S.A.;024988;DFP;155296;2026-03-12;http://www.rad.cvm.gov.br/ENETCONSULTA/frmDownloadDocumento.aspx?CodigoInstituicao=1&NumeroSequencialDocumento=155296
09.625.321/0001-56;2025-12-31;2;NORTE BRASIL TRANSMISSORA DE ENERGIA S.A.;024988;DFP;155884;2026-03-31;http://www.rad.cvm.gov.br/ENETCONSULTA/frmDownloadDocumento.aspx?CodigoInstituicao=1&NumeroSequencialDocumento=155884
09.813.204/0001-16;2025-12-31;1;W2W E-COMMERCE DE VINHOS S.A.;025852;DFP;155958;2026-03-31;http://www.rad.cvm.gov.br/ENETCONSULTA/frmDownloadDocumento.aspx?CodigoInstituicao=1&NumeroSequencialDocumento=155958
10.139.870/0001-08;2025-12-31;1;NEOGRID PARTICIPAÇÕES S.A.;025399;DFP;155685;2026-03-25;http://www.rad.cvm.gov.br/ENETCONSULTA/frmDownloadDocumento.aspx?CodigoInstituicao=1&NumeroSequencialDocumento=155685
10.158.356/0001-01;2025-12-31;1;CPX DISTRIBUIDORA S.A.;027839;DFP;156538;2026-04-30;http://www.rad.cvm.gov.br/ENETCONSULTA/frmDownloadDocumento.aspx?CodigoInstituicao=1&NumeroSequencialDocumento=156538
10.234.027/0001-00;2025-12-31;1;LINHAS DE MACAPÁ TRANSMISSORA DE ENERGIA S/A;023680;DFP;155334;2026-03-12;http://www.rad.cvm.gov.br/ENETCONSULTA/frmDownloadDocumento.aspx?CodigoInstituicao=1&NumeroSequencialDocumento=155334
10.240.186/0001-00;2025-12-31;1;LINHAS DE XINGU TRANSMISSORA DE ENERGIA S/A;023671;DFP;155332;2026-03-12;http://www.rad.cvm.gov.br/ENETCONSULTA/frmDownloadDocumento.aspx?CodigoInstituicao=1&NumeroSequencialDocumento=155332
10.319.900/0001-50;2025-12-31;1;REGENERA RIO S.A.;026921;DFP;155556;2026-03-20;http://www.rad.cvm.gov.br/ENETCONSULTA/frmDownloadDocumento.aspx?CodigoInstituicao=1&NumeroSequencialDocumento=155556
10.324.624/0001-18;2025-12-31;1;CONCESSÃO METROVIÁRIA DO RIO DE JANEIRO S.A.;022144;DFP;155740;2026-03-26;http://www.rad.cvm.gov.br/ENETCONSULTA/frmDownloadDocumento.aspx?CodigoInstituicao=1&NumeroSequencialDocumento=155740
10.338.320/0001-00;2025-12-31;1;AFLUENTE TRANSMISSÃO DE ENERGIA ELÉTRICA S/A;022179;DFP;154731;2026-02-11;http://www.rad.cvm.gov.br/ENETCONSULTA/frmDownloadDocumento.aspx?CodigoInstituicao=1&NumeroSequencialDocumento=154731
10.488.244/0001-19;2025-12-31;1;INFRASEC SECURITIZADORA S.A.;021750;DFP;155936;2026-03-31;http://www.rad.cvm.gov.br/ENETCONSULTA/frmDownloadDocumento.aspx?CodigoInstituicao=1&NumeroSequencialDocumento=155936
10.502.676/0001-37;2025-12-31;1;TERMELÉTRICA PERNAMBUCO III S.A.;023329;DFP;155895;2026-03-31;http://www.rad.cvm.gov.br/ENETCONSULTA/frmDownloadDocumento.aspx?CodigoInstituicao=1&NumeroSequencialDocumento=155895
10.531.501/0001-58;2025-12-31;1;CONC AUTO RAPOSO TAVARES S.A.;022268;DFP;155045;2026-03-04;http://www.rad.cvm.gov.br/ENETCONSULTA/frmDownloadDocumento.aspx?CodigoInstituicao=1&NumeroSequencialDocumento=155045
10.571.175/0001-02;2025-12-31;1;URBA DESENVOLVIMENTO URBANO S.A.;025437;DFP;155186;2026-03-09;http://www.rad.cvm.gov.br/ENETCONSULTA/frmDownloadDocumento.aspx?CodigoInstituicao=1&NumeroSequencialDocumento=155186
10.629.105/0001-68;2025-12-31;1;PRIO S.A.;022187;DFP;155241;2026-03-10;http://www.rad.cvm.gov.br/ENETCONSULTA/frmDownloadDocumento.aspx?CodigoInstituicao=1&NumeroSequencialDocumento=155241
10.635.691/0001-53;2025-12-31;1;VIARONDON CONCESSIONÁRIA DE RODOVIA S.A.;022543;DFP;155714;2026-03-26;http://www.rad.cvm.gov.br/ENETCONSULTA/frmDownloadDocumento.aspx?CodigoInstituicao=1&NumeroSequencialDocumento=155714
10.647.979/0001-48;2025-12-31;1;CONC ROTA DAS BANDEIRAS S.A.;022071;DFP;155208;2026-03-10;http://www.rad.cvm.gov.br/ENETCONSULTA/frmDownloadDocumento.aspx?CodigoInstituicao=1&NumeroSequencialDocumento=155208
10.678.505/0001-63;2025-12-31;1;CONC RODOVIAS DO TIETÊ S.A.;022721;DFP;156911;2026-05-07;http://www.rad.cvm.gov.br/ENETCONSULTA/frmDownloadDocumento.aspx?CodigoInstituicao=1&NumeroSequencialDocumento=156911
10.739.356/0001-03;2025-12-31;1;BRBI BR PARTNERS S.A;025860;DFP;154607;2026-02-05;http://www.rad.cvm.gov.br/ENETCONSULTA/frmDownloadDocumento.aspx?CodigoInstituicao=1&NumeroSequencialDocumento=154607
10.760.260/0001-19;2025-12-31;1;CVC BRASIL OPERADORA E AGÊNCIA DE VIAGENS S.A.;023310;DFP;155466;2026-03-18;http://www.rad.cvm.gov.br/ENETCONSULTA/frmDownloadDocumento.aspx?CodigoInstituicao=1&NumeroSequencialDocumento=155466
10.807.374/0001-77;2025-12-31;1;BOA SAFRA SEMENTES S.A.;025704;DFP;155649;2026-03-24;http://www.rad.cvm.gov.br/ENETCONSULTA/frmDownloadDocumento.aspx?CodigoInstituicao=1&NumeroSequencialDocumento=155649
10.807.374/0001-77;2025-12-31;2;BOA SAFRA SEMENTES S.A.;025704;DFP;155657;2026-03-25;http://www.rad.cvm.gov.br/ENETCONSULTA/frmDownloadDocumento.aspx?CodigoInstituicao=1&NumeroSequencialDocumento=155657
10.835.932/0001-08;2025-12-31;1;CIA ENERGETICA DE PERNAMBUCO - CELPE;014362;DFP;154726;2026-02-11;http://www.rad.cvm.gov.br/ENETCONSULTA/frmDownloadDocumento.aspx?CodigoInstituicao=1&NumeroSequencialDocumento=154726
10.841.050/0001-55;2025-12-31;1;CONC ROD AYRTON SENNA E CARV PINTO S.A.-ECOPISTAS;022411;DFP;155431;2026-03-17;http://www.rad.cvm.gov.br/ENETCONSULTA/frmDownloadDocumento.aspx?CodigoInstituicao=1&NumeroSequencialDocumento=155431
11.284.204/0001-18;2025-12-31;1;YOU INC INCORPORADORA E PARTICIPAÇÕES S.A;023604;DFP;155873;2026-03-31;http://www.rad.cvm.gov.br/ENETCONSULTA/frmDownloadDocumento.aspx?CodigoInstituicao=1&NumeroSequencialDocumento=155873
11.421.994/0001-36;2025-12-31;1;ORIZON VALORIZAÇÃO DE RESÍDUOS S.A.;025550;DFP;155710;2026-03-25;http://www.rad.cvm.gov.br/ENETCONSULTA/frmDownloadDocumento.aspx?CodigoInstituicao=1&NumeroSequencialDocumento=155710
11.721.921/0001-60;2025-12-31;1;ALPER CONSULTORIA E CORRETORA DE SEGUROS S.A.;022217;DFP;155971;2026-04-01;http://www.rad.cvm.gov.br/ENETCONSULTA/frmDownloadDocumento.aspx?CodigoInstituicao=1&NumeroSequencialDocumento=155971
11.992.680/0001-93;2025-12-31;1;QUALICORP CONSULTORIA E CORRETORA DE SEGUROS S.A.;022497;DFP;154937;2026-02-26;http://www.rad.cvm.gov.br/ENETCONSULTA/frmDownloadDocumento.aspx?CodigoInstituicao=1&NumeroSequencialDocumento=154937
12.049.631/0001-84;2025-12-31;1;MOURA DUBEUX ENGENHARIA S/A;021067;DFP;155260;2026-03-11;http://www.rad.cvm.gov.br/ENETCONSULTA/frmDownloadDocumento.aspx?CodigoInstituicao=1&NumeroSequencialDocumento=155260
12.091.809/0001-55;2025-12-31;1;BRAVA ENERGIA S.A.;025291;DFP;155283;2026-03-11;http://www.rad.cvm.gov.br/ENETCONSULTA/frmDownloadDocumento.aspx?CodigoInstituicao=1&NumeroSequencialDocumento=155283
12.104.241/0004-02;2025-12-31;1;ONCOCLÍNICAS DO BRASIL SERVIÇOS MÉDICOS S.A.;026123;DFP;156113;2026-04-09;http://www.rad.cvm.gov.br/ENETCONSULTA/frmDownloadDocumento.aspx?CodigoInstituicao=1&NumeroSequencialDocumento=156113
12.108.897/0001-50;2025-12-31;1;D1000 VAREJO FARMA PARTICIPAÇÕES S.A.;025046;DFP;155392;2026-03-16;http://www.rad.cvm.gov.br/ENETCONSULTA/frmDownloadDocumento.aspx?CodigoInstituicao=1&NumeroSequencialDocumento=155392
12.108.897/0001-50;2025-12-31;2;D1000 VAREJO FARMA PARTICIPAÇÕES S.A.;025046;DFP;155683;2026-03-25;http://www.rad.cvm.gov.br/ENETCONSULTA/frmDownloadDocumento.aspx?CodigoInstituicao=1&NumeroSequencialDocumento=155683
12.181.987/0001-77;2025-12-31;1;MELNICK DESENVOLVIMENTO IMOBILIÁRIO S.A.;025119;DFP;155461;2026-03-18;http://www.rad.cvm.gov.br/ENETCONSULTA/frmDownloadDocumento.aspx?CodigoInstituicao=1&NumeroSequencialDocumento=155461
12.300.288/0001-07;2025-12-31;1;NORTE ENERGIA S.A.;025097;DFP;154507;2026-01-28;http://www.rad.cvm.gov.br/ENETCONSULTA/frmDownloadDocumento.aspx?CodigoInstituicao=1&NumeroSequencialDocumento=154507
12.300.288/0001-07;2025-12-31;2;NORTE ENERGIA S.A.;025097;DFP;154642;2026-02-09;http://www.rad.cvm.gov.br/ENETCONSULTA/frmDownloadDocumento.aspx?CodigoInstituicao=1&NumeroSequencialDocumento=154642
12.420.164/0001-57;2025-12-31;1;CM HOSPITALAR S.A;025682;DFP;155120;2026-03-05;http://www.rad.cvm.gov.br/ENETCONSULTA/frmDownloadDocumento.aspx?CodigoInstituicao=1&NumeroSequencialDocumento=155120
12.420.164/0001-57;2025-12-31;2;CM HOSPITALAR S.A;025682;DFP;155992;2026-04-02;http://www.rad.cvm.gov.br/ENETCONSULTA/frmDownloadDocumento.aspx?CodigoInstituicao=1&NumeroSequencialDocumento=155992
12.489.315/0001-23;2025-12-31;1;FERREIRA GOMES ENERGIA S.A.;022977;DFP;154912;2026-02-25;http://www.rad.cvm.gov.br/ENETCONSULTA/frmDownloadDocumento.aspx?CodigoInstituicao=1&NumeroSequencialDocumento=154912
12.489.315/0001-23;2025-12-31;2;FERREIRA GOMES ENERGIA S.A.;022977;DFP;155382;2026-03-16;http://www.rad.cvm.gov.br/ENETCONSULTA/frmDownloadDocumento.aspx?CodigoInstituicao=1&NumeroSequencialDocumento=155382
12.528.708/0001-07;2025-12-31;1;AERIS IND. E COM. DE EQUIP. PARA GER. DE ENG. S.A.;025283;DFP;155464;2026-03-18;http://www.rad.cvm.gov.br/ENETCONSULTA/frmDownloadDocumento.aspx?CodigoInstituicao=1&NumeroSequencialDocumento=155464
12.592.831/0001-89;2025-12-31;1;MNLT S.A.;026611;DFP;155160;2026-03-06;http://www.rad.cvm.gov.br/ENETCONSULTA/frmDownloadDocumento.aspx?CodigoInstituicao=1&NumeroSequencialDocumento=155160
12.648.327/0001-53;2025-12-31;1;HIDROVIAS DO BRASIL S.A.;022675;DFP;154999;2026-03-02;http://www.rad.cvm.gov.br/ENETCONSULTA/frmDownloadDocumento.aspx?CodigoInstituicao=1&NumeroSequencialDocumento=154999
13.009.717/0001-46;2025-12-31;1;BCO ESTADO DE SERGIPE S.A. - BANESE;001120;DFP;154911;2026-02-25;http://www.rad.cvm.gov.br/ENETCONSULTA/frmDownloadDocumento.aspx?CodigoInstituicao=1&NumeroSequencialDocumento=154911
13.017.462/0001-63;2025-12-31;1;ENERGISA SERGIPE - DISTRIBUIDORA DE ENERGIA S/A;018996;DFP;155322;2026-03-12;http://www.rad.cvm.gov.br/ENETCONSULTA/frmDownloadDocumento.aspx?CodigoInstituicao=1&NumeroSequencialDocumento=155322
13.217.485/0001-11;2025-12-31;1;GRUPO SBF S.A.;024694;DFP;155192;2026-03-09;http://www.rad.cvm.gov.br/ENETCONSULTA/frmDownloadDocumento.aspx?CodigoInstituicao=1&NumeroSequencialDocumento=155192
13.270.520/0001-66;2025-12-31;1;KORA SAÚDE PARTICIPAÇÕES S.A.;025879;DFP;156157;2026-04-11;http://www.rad.cvm.gov.br/ENETCONSULTA/frmDownloadDocumento.aspx?CodigoInstituicao=1&NumeroSequencialDocumento=156157
13.444.994/0001-87;2025-12-31;1;MLOG S.A.;022586;DFP;155921;2026-03-31;http://www.rad.cvm.gov.br/ENETCONSULTA/frmDownloadDocumento.aspx?CodigoInstituicao=1&NumeroSequencialDocumento=155921
13.574.594/0001-96;2025-12-31;1;ZAMP SA;024317;DFP;155163;2026-03-06;http://www.rad.cvm.gov.br/ENETCONSULTA/frmDownloadDocumento.aspx?CodigoInstituicao=1&NumeroSequencialDocumento=155163
13.783.221/0004-78;2025-12-31;1;MADERO INDÚSTRIA E COMÉRCIO S.A.;026379;DFP;154517;2026-01-29;http://www.rad.cvm.gov.br/ENETCONSULTA/frmDownloadDocumento.aspx?CodigoInstituicao=1&NumeroSequencialDocumento=154517
14.110.585/0001-07;2025-12-31;1;MÉLIUZ S.A.;025232;DFP;155473;2026-03-18;http://www.rad.cvm.gov.br/ENETCONSULTA/frmDownloadDocumento.aspx?CodigoInstituicao=1&NumeroSequencialDocumento=155473
14.127.813/0001-51;2025-12-31;1;ARANDU INVESTIMENTOS S.A.;025887;DFP;158493;2026-05-29;http://www.rad.cvm.gov.br/ENETCONSULTA/frmDownloadDocumento.aspx?CodigoInstituicao=1&NumeroSequencialDocumento=158493
14.292.540/0001-09;2025-12-31;1;BRAZIL TOWER, CESSÃO DE INFRA-ESTRUTURAS S.A;027316;DFP;155530;2026-03-20;http://www.rad.cvm.gov.br/ENETCONSULTA/frmDownloadDocumento.aspx?CodigoInstituicao=1&NumeroSequencialDocumento=155530
14.388.334/0001-99;2025-12-31;1;PARANA BCO S.A.;020729;DFP;154914;2026-02-25;http://www.rad.cvm.gov.br/ENETCONSULTA/frmDownloadDocumento.aspx?CodigoInstituicao=1&NumeroSequencialDocumento=154914
14.776.142/0001-50;2025-12-31;1;WESTWING COMÉRCIO VAREJISTA S.A.;025518;DFP;155504;2026-03-19;http://www.rad.cvm.gov.br/ENETCONSULTA/frmDownloadDocumento.aspx?CodigoInstituicao=1&NumeroSequencialDocumento=155504
14.776.142/0001-50;2025-12-31;2;WESTWING COMÉRCIO VAREJISTA S.A.;025518;DFP;155914;2026-03-31;http://www.rad.cvm.gov.br/ENETCONSULTA/frmDownloadDocumento.aspx?CodigoInstituicao=1&NumeroSequencialDocumento=155914
14.785.152/0001-51;2025-12-31;1;HBR REALTY EMPREENDIMENTOS IMOBILIÁRIOS S.A.;025402;DFP;155104;2026-03-05;http://www.rad.cvm.gov.br/ENETCONSULTA/frmDownloadDocumento.aspx?CodigoInstituicao=1&NumeroSequencialDocumento=155104
14.807.945/0001-24;2025-12-31;1;SANSUY S.A. INDUSTRIA DE PLASTICOS;012696;DFP;154981;2026-03-02;http://www.rad.cvm.gov.br/ENETCONSULTA/frmDownloadDocumento.aspx?CodigoInstituicao=1&NumeroSequencialDocumento=154981
14.876.090/0001-93;2025-12-31;1;GAIA IMPACTO SECURITIZADORA S.A.;022764;DFP;155623;2026-03-24;http://www.rad.cvm.gov.br/ENETCONSULTA/frmDownloadDocumento.aspx?CodigoInstituicao=1&NumeroSequencialDocumento=155623
14.882.295/0001-81;2025-12-31;1;CBO HOLDING S.A.;023620;DFP;155279;2026-03-11;http://www.rad.cvm.gov.br/ENETCONSULTA/frmDownloadDocumento.aspx?CodigoInstituicao=1&NumeroSequencialDocumento=155279
14.998.371/0001-19;2025-12-31;1;J. MACEDO S.A.;021156;DFP;154908;2026-02-25;http://www.rad.cvm.gov.br/ENETCONSULTA/frmDownloadDocumento.aspx?CodigoInstituicao=1&NumeroSequencialDocumento=154908
15.073.274/0001-88;2025-12-31;1;PPLA PARTICIPATIONS LTD.;080152;DFP;155810;2026-03-27;http://www.rad.cvm.gov.br/ENETCONSULTA/frmDownloadDocumento.aspx?CodigoInstituicao=1&NumeroSequencialDocumento=155810
15.090.690/0001-94;2025-12-31;1;CONCESSIONARIA ECOVIAS DO ARAGUAIA S.A.;026638;DFP;155436;2026-03-17;http://www.rad.cvm.gov.br/ENETCONSULTA/frmDownloadDocumento.aspx?CodigoInstituicao=1&NumeroSequencialDocumento=155436
15.114.494/0001-02;2025-12-31;1;CORREDOR LOGÍSTICA E INFRAESTRUTURA S.A.;027260;DFP;155390;2026-03-16;http://www.rad.cvm.gov.br/ENETCONSULTA/frmDownloadDocumento.aspx?CodigoInstituicao=1&NumeroSequencialDocumento=155390
15.115.504/0001-24;2025-12-31;1;TRONOX PIGMENTOS DO BRASIL S.A.;011398;DFP;155343;2026-03-13;http://www.rad.cvm.gov.br/ENETCONSULTA/frmDownloadDocumento.aspx?CodigoInstituicao=1&NumeroSequencialDocumento=155343
15.139.629/0001-94;2025-12-31;1;CIA ELETRICIDADE EST. DA BAHIA - COELBA;014524;DFP;154727;2026-02-11;http://www.rad.cvm.gov.br/ENETCONSULTA/frmDownloadDocumento.aspx?CodigoInstituicao=1&NumeroSequencialDocumento=154727
15.141.799/0001-03;2025-12-31;1;CIA FERRO LIGAS DA BAHIA - FERBASA;003069;DFP;155153;2026-03-06;http://www.rad.cvm.gov.br/ENETCONSULTA/frmDownloadDocumento.aspx?CodigoInstituicao=1&NumeroSequencialDocumento=155153
15.385.166/0001-40;2025-12-31;1;EQUIPAV SANEAMENTO S.A.;027642;DFP;156305;2026-04-20;http://www.rad.cvm.gov.br/ENETCONSULTA/frmDownloadDocumento.aspx?CodigoInstituicao=1&NumeroSequencialDocumento=156305
15.413.826/0001-50;2025-12-31;1;ENERGISA MATO GROSSO DO SUL - DIST DE ENERGIA S.A.;005576;DFP;155316;2026-03-12;http://www.rad.cvm.gov.br/ENETCONSULTA/frmDownloadDocumento.aspx?CodigoInstituicao=1&NumeroSequencialDocumento=155316
15.440.708/0001-30;2025-12-31;1;CONCESSIONÁRIA VIARIO S.A.;027405;DFP;154949;2026-02-26;http://www.rad.cvm.gov.br/ENETCONSULTA/frmDownloadDocumento.aspx?CodigoInstituicao=1&NumeroSequencialDocumento=154949
15.484.093/0001-44;2025-12-31;1;ECO101 CONCESSIONÁRIA DE RODOVIAS S.A.;023582;DFP;155433;2026-03-17;http://www.rad.cvm.gov.br/ENETCONSULTA/frmDownloadDocumento.aspx?CodigoInstituicao=1&NumeroSequencialDocumento=155433
15.578.569/0001-06;2025-12-31;1;CONC DO AEROPORTO INTERNACIONAL DE GUARULHOS S.A.;023515;DFP;155546;2026-03-20;http://www.rad.cvm.gov.br/ENETCONSULTA/frmDownloadDocumento.aspx?CodigoInstituicao=1&NumeroSequencialDocumento=155546
15.578.569/0001-06;2025-12-31;2;CONC DO AEROPORTO INTERNACIONAL DE GUARULHOS S.A.;023515;DFP;155782;2026-03-27;http://www.rad.cvm.gov.br/ENETCONSULTA/frmDownloadDocumento.aspx?CodigoInstituicao=1&NumeroSequencialDocumento=155782
16.233.389/0001-55;2025-12-31;1;CVLB BRASIL S.A EM RECUPERAÇÃO JUDICAL;025542;DFP;158625;2026-05-29;http://www.rad.cvm.gov.br/ENETCONSULTA/frmDownloadDocumento.aspx?CodigoInstituicao=1&NumeroSequencialDocumento=158625
16.234.171/0001-15;2025-12-31;1;METANOR SA METANOL DO NE;008745;DFP;155781;2026-03-27;http://www.rad.cvm.gov.br/ENETCONSULTA/frmDownloadDocumento.aspx?CodigoInstituicao=1&NumeroSequencialDocumento=155781
16.404.287/0001-55;2025-12-31;1;SUZANO S.A.;013986;DFP;154674;2026-02-10;http://www.rad.cvm.gov.br/ENETCONSULTA/frmDownloadDocumento.aspx?CodigoInstituicao=1&NumeroSequencialDocumento=154674
16.590.234/0001-76;2025-12-31;1;AZZAS 2154 S.A.;022349;DFP;155271;2026-03-11;http://www.rad.cvm.gov.br/ENETCONSULTA/frmDownloadDocumento.aspx?CodigoInstituicao=1&NumeroSequencialDocumento=155271
16.614.075/0001-00;2025-12-31;1;DIRECIONAL ENGENHARIA S.A.;021350;DFP;155189;2026-03-09;http://www.rad.cvm.gov.br/ENETCONSULTA/frmDownloadDocumento.aspx?CodigoInstituicao=1&NumeroSequencialDocumento=155189
16.670.085/0001-55;2025-12-31;1;LOCALIZA RENT A CAR S.A.;019739;DFP;154953;2026-02-26;http://www.rad.cvm.gov.br/ENETCONSULTA/frmDownloadDocumento.aspx?CodigoInstituicao=1&NumeroSequencialDocumento=154953
16.676.520/0001-59;2025-12-31;1;HOSPITAL MATER DEI S.A.;025690;DFP;155565;2026-03-22;http://www.rad.cvm.gov.br/ENETCONSULTA/frmDownloadDocumento.aspx?CodigoInstituicao=1&NumeroSequencialDocumento=155565
16.676.520/0001-59;2025-12-31;2;HOSPITAL MATER DEI S.A.;025690;DFP;155569;2026-03-23;http://www.rad.cvm.gov.br/ENETCONSULTA/frmDownloadDocumento.aspx?CodigoInstituicao=1&NumeroSequencialDocumento=155569
16.811.931/0001-00;2025-12-31;1;ALPHAVILLE S.A.;025275;DFP;155927;2026-03-31;http://www.rad.cvm.gov.br/ENETCONSULTA/frmDownloadDocumento.aspx?CodigoInstituicao=1&NumeroSequencialDocumento=155927
16.922.038/0001-51;2025-12-31;1;ENJOEI S.A.;025259;DFP;155646;2026-03-24;http://www.rad.cvm.gov.br/ENETCONSULTA/frmDownloadDocumento.aspx?CodigoInstituicao=1&NumeroSequencialDocumento=155646
17.155.730/0001-64;2025-12-31;1;CIA ENERGETICA DE MINAS GERAIS - CEMIG;002453;DFP;155515;2026-03-19;http://www.rad.cvm.gov.br/ENETCONSULTA/frmDownloadDocumento.aspx?CodigoInstituicao=1&NumeroSequencialDocumento=155515
17.159.005/0001-64;2025-12-31;1;FIACAO E TECELAGEM SAO JOSE SA EM RECUPERACAO JUDICIAL;005983;DFP;155767;2026-03-27;http://www.rad.cvm.gov.br/ENETCONSULTA/frmDownloadDocumento.aspx?CodigoInstituicao=1&NumeroSequencialDocumento=155767
17.159.229/0001-76;2025-12-31;1;LABORATÓRIO TEUTO BRASILEIRO S.A.;026182;DFP;155952;2026-03-31;http://www.rad.cvm.gov.br/ENETCONSULTA/frmDownloadDocumento.aspx?CodigoInstituicao=1&NumeroSequencialDocumento=155952
17.161.241/0001-15;2025-12-31;1;MINASMAQUINAS S.A.;008818;DFP;155528;2026-03-20;http://www.rad.cvm.gov.br/ENETCONSULTA/frmDownloadDocumento.aspx?CodigoInstituicao=1&NumeroSequencialDocumento=155528
17.162.082/0001-73;2025-12-31;1;MENDES JUNIOR ENGENHARIA S.A.;004782;DFP;155616;2026-03-24;http://www.rad.cvm.gov.br/ENETCONSULTA/frmDownloadDocumento.aspx?CodigoInstituicao=1&NumeroSequencialDocumento=155616
17.167.396/0001-69;2025-12-31;1;ALFA HOLDINGS S.A.;009954;DFP;154923;2026-02-26;http://www.rad.cvm.gov.br/ENETCONSULTA/frmDownloadDocumento.aspx?CodigoInstituicao=1&NumeroSequencialDocumento=154923
17.184.037/0001-10;2025-12-31;1;BCO MERCANTIL DO BRASIL S.A.;001325;DFP;155046;2026-03-04;http://www.rad.cvm.gov.br/ENETCONSULTA/frmDownloadDocumento.aspx?CodigoInstituicao=1&NumeroSequencialDocumento=155046
17.234.244/0001-31;2025-12-31;1;FTL - FERROVIA TRANSNORDESTINA LOGÍSTICA S.A.;023370;DFP;155347;2026-03-13;http://www.rad.cvm.gov.br/ENETCONSULTA/frmDownloadDocumento.aspx?CodigoInstituicao=1&NumeroSequencialDocumento=155347
17.245.234/0001-00;2025-12-31;1;CIA FIACAO TECIDOS CEDRO CACHOEIRA;003077;DFP;155716;2026-03-26;http://www.rad.cvm.gov.br/ENETCONSULTA/frmDownloadDocumento.aspx?CodigoInstituicao=1&NumeroSequencialDocumento=155716
17.281.106/0001-03;2025-12-31;1;CIA SANEAMENTO DE MINAS GERAIS-COPASA MG;019445;DFP;154917;2026-02-25;http://www.rad.cvm.gov.br/ENETCONSULTA/frmDownloadDocumento.aspx?CodigoInstituicao=1&NumeroSequencialDocumento=154917
17.314.329/0001-20;2025-12-31;1;INTERNATIONAL MEAL COMPANY ALIMENTACAO S.A.;023574;DFP;155861;2026-03-30;http://www.rad.cvm.gov.br/ENETCONSULTA/frmDownloadDocumento.aspx?CodigoInstituicao=1&NumeroSequencialDocumento=155861
17.344.597/0001-94;2025-12-31;1;BB SEGURIDADE PARTICIPAÇÕES S.A.;023159;DFP;154652;2026-02-09;http://www.rad.cvm.gov.br/ENETCONSULTA/frmDownloadDocumento.aspx?CodigoInstituicao=1&NumeroSequencialDocumento=154652
17.359.233/0001-88;2025-12-31;1;TECIDOS E ARMARINHOS MIGUEL BARTOLOMEU S.A.;026760;DFP;155608;2026-03-24;http://www.rad.cvm.gov.br/ENETCONSULTA/frmDownloadDocumento.aspx?CodigoInstituicao=1&NumeroSequencialDocumento=155608
17.765.891/0001-70;2025-12-31;1;GRUPO SALTA EDUCAÇÃO S.A.;027820;DFP;154868;2026-02-24;http://www.rad.cvm.gov.br/ENETCONSULTA/frmDownloadDocumento.aspx?CodigoInstituicao=1&NumeroSequencialDocumento=154868
18.080.368/0001-72;2025-12-31;1;OZN HEALTH SPE S.A.;027901;DFP;155816;2026-03-30;http://www.rad.cvm.gov.br/ENETCONSULTA/frmDownloadDocumento.aspx?CodigoInstituicao=1&NumeroSequencialDocumento=155816
18.174.270/0001-84;2025-12-31;1;DOTZ S.A.;025836;DFP;155754;2026-03-26;http://www.rad.cvm.gov.br/ENETCONSULTA/frmDownloadDocumento.aspx?CodigoInstituicao=1&NumeroSequencialDocumento=155754
18.328.118/0001-09;2025-12-31;1;PET CENTER COMÉRCIO E PARTICIPAÇÕES S.A.;025089;DFP;155745;2026-03-26;http://www.rad.cvm.gov.br/ENETCONSULTA/frmDownloadDocumento.aspx?CodigoInstituicao=1&NumeroSequencialDocumento=155745
18.494.485/0001-82;2025-12-31;1;PORTO SUDESTE V.M. S.A.;023523;DFP;155929;2026-03-31;http://www.rad.cvm.gov.br/ENETCONSULTA/frmDownloadDocumento.aspx?CodigoInstituicao=1&NumeroSequencialDocumento=155929
18.572.225/0001-88;2025-12-31;1;CONCEBRA - CONCESSIONARIA DAS RODOVIAS CENTRAIS DO BRASIL;023868;DFP;155156;2026-03-06;http://www.rad.cvm.gov.br/ENETCONSULTA/frmDownloadDocumento.aspx?CodigoInstituicao=1&NumeroSequencialDocumento=155156
18.593.815/0001-97;2025-12-31;1;PRINER SERVIÇOS INDUSTRIAIS S.A.;024236;DFP;155331;2026-03-12;http://www.rad.cvm.gov.br/ENETCONSULTA/frmDownloadDocumento.aspx?CodigoInstituicao=1&NumeroSequencialDocumento=155331
18.903.785/0001-78;2025-12-31;1;HOLDING DO ARAGUAIA S.A.;026565;DFP;155438;2026-03-17;http://www.rad.cvm.gov.br/ENETCONSULTA/frmDownloadDocumento.aspx?CodigoInstituicao=1&NumeroSequencialDocumento=155438
19.014.221/0001-47;2025-12-31;1;CHINA THREE GORGES BRASIL ENERGIA S.A.;027103;DFP;154956;2026-02-27;http://www.rad.cvm.gov.br/ENETCONSULTA/frmDownloadDocumento.aspx?CodigoInstituicao=1&NumeroSequencialDocumento=154956
19.014.221/0001-47;2025-12-31;2;CHINA THREE GORGES BRASIL ENERGIA S.A.;027103;DFP;156112;2026-04-09;http://www.rad.cvm.gov.br/ENETCONSULTA/frmDownloadDocumento.aspx?CodigoInstituicao=1&NumeroSequencialDocumento=156112
19.208.022/0001-70;2025-12-31;1;ECO050 CONCESSIONÁRIA DE RODOVIAS S.A.;023884;DFP;155435;2026-03-17;http://www.rad.cvm.gov.br/ENETCONSULTA/frmDownloadDocumento.aspx?CodigoInstituicao=1&NumeroSequencialDocumento=155435
19.403.252/0001-90;2025-12-31;1;EMCCAMP RESIDENCIAL S.A.;025909;DFP;155849;2026-03-30;http://www.rad.cvm.gov.br/ENETCONSULTA/frmDownloadDocumento.aspx?CodigoInstituicao=1&NumeroSequencialDocumento=155849
19.521.322/0001-04;2025-12-31;1;CONCESSIONÁRIA ROTA DO OESTE S.A.;023922;DFP;155628;2026-03-24;http://www.rad.cvm.gov.br/ENETCONSULTA/frmDownloadDocumento.aspx?CodigoInstituicao=1&NumeroSequencialDocumento=155628
19.526.748/0001-50;2025-12-31;1;COMPANHIA INDUSTRIAL CATAGUASES;003395;DFP;155534;2026-03-20;http://www.rad.cvm.gov.br/ENETCONSULTA/frmDownloadDocumento.aspx?CodigoInstituicao=1&NumeroSequencialDocumento=155534
19.527.586/0001-75;2025-12-31;1;COMPANHIA ENERGÉTICA SINOP S/A;024155;DFP;154971;2026-02-27;http://www.rad.cvm.gov.br/ENETCONSULTA/frmDownloadDocumento.aspx?CodigoInstituicao=1&NumeroSequencialDocumento=154971
19.527.639/0001-58;2025-12-31;1;ENERGISA MINAS RIO - DISTRIBUIDORA DE ENERGIA S/A;003271;DFP;155326;2026-03-12;http://www.rad.cvm.gov.br/ENETCONSULTA/frmDownloadDocumento.aspx?CodigoInstituicao=1&NumeroSequencialDocumento=155326
19.642.306/0001-70;2025-12-31;1;CONCESSIONÁRIA DE RODOVIA SUL-MATOGROSSENSE S.A.;023833;DFP;154945;2026-02-26;http://www.rad.cvm.gov.br/ENETCONSULTA/frmDownloadDocumento.aspx?CodigoInstituicao=1&NumeroSequencialDocumento=154945
20.247.322/0001-47;2025-12-31;1;ALLIED TECNOLOGIA S.A.;025330;DFP;155691;2026-03-25;http://www.rad.cvm.gov.br/ENETCONSULTA/frmDownloadDocumento.aspx?CodigoInstituicao=1&NumeroSequencialDocumento=155691
20.258.278/0001-70;2025-12-31;1;OUROFINO S.A.;023507;DFP;155090;2026-03-05;http://www.rad.cvm.gov.br/ENETCONSULTA/frmDownloadDocumento.aspx?CodigoInstituicao=1&NumeroSequencialDocumento=155090
20.512.706/0001-40;2025-12-31;1;VITRU EDUCAÇÃO S.A.;027057;DFP;155447;2026-03-17;http://www.rad.cvm.gov.br/ENETCONSULTA/frmDownloadDocumento.aspx?CodigoInstituicao=1&NumeroSequencialDocumento=155447
20.512.706/0001-40;2025-12-31;2;VITRU EDUCAÇÃO S.A.;027057;DFP;155727;2026-03-26;http://www.rad.cvm.gov.br/ENETCONSULTA/frmDownloadDocumento.aspx?CodigoInstituicao=1&NumeroSequencialDocumento=155727
20.512.706/0001-40;2025-12-31;3;VITRU EDUCAÇÃO S.A.;027057;DFP;156065;2026-04-07;http://www.rad.cvm.gov.br/ENETCONSULTA/frmDownloadDocumento.aspx?CodigoInstituicao=1&NumeroSequencialDocumento=156065
20.514.555/0001-69;2025-12-31;1;ARGO VI TRANSMISSÃO DE ENERGIA S.A.;026670;DFP;154523;2026-01-29;http://www.rad.cvm.gov.br/ENETCONSULTA/frmDownloadDocumento.aspx?CodigoInstituicao=1&NumeroSequencialDocumento=154523
20.514.555/0001-69;2025-12-31;2;ARGO VI TRANSMISSÃO DE ENERGIA S.A.;026670;DFP;154546;2026-01-30;http://www.rad.cvm.gov.br/ENETCONSULTA/frmDownloadDocumento.aspx?CodigoInstituicao=1&NumeroSequencialDocumento=154546
20.514.590/0001-88;2025-12-31;1;ARGO V TRANSMISSÃO DE ENERGIA S.A.;026662;DFP;154524;2026-01-29;http://www.rad.cvm.gov.br/ENETCONSULTA/frmDownloadDocumento.aspx?CodigoInstituicao=1&NumeroSequencialDocumento=154524
20.514.590/0001-88;2025-12-31;2;ARGO V TRANSMISSÃO DE ENERGIA S.A.;026662;DFP;154545;2026-01-30;http://www.rad.cvm.gov.br/ENETCONSULTA/frmDownloadDocumento.aspx?CodigoInstituicao=1&NumeroSequencialDocumento=154545
21.110.778/0001-23;2025-12-31;1;OLIVEIRA TRUST S.A.;026417;DFP;155027;2026-03-03;http://www.rad.cvm.gov.br/ENETCONSULTA/frmDownloadDocumento.aspx?CodigoInstituicao=1&NumeroSequencialDocumento=155027
21.254.073/0001-80;2025-12-31;1;COMPANHIA ITAUNENSE ENERGIA E PARTICIPAÇÕES;003450;DFP;155666;2026-03-25;http://www.rad.cvm.gov.br/ENETCONSULTA/frmDownloadDocumento.aspx?CodigoInstituicao=1&NumeroSequencialDocumento=155666
21.314.559/0001-66;2025-12-31;1;MOVIDA PARTICIPACOES SA;023825;DFP;155600;2026-03-23;http://www.rad.cvm.gov.br/ENETCONSULTA/frmDownloadDocumento.aspx?CodigoInstituicao=1&NumeroSequencialDocumento=155600
21.389.501/0001-81;2025-12-31;1;COMPASS GÁS E ENERGIA S.A.;025127;DFP;155070;2026-03-04;http://www.rad.cvm.gov.br/ENETCONSULTA/frmDownloadDocumento.aspx?CodigoInstituicao=1&NumeroSequencialDocumento=155070
21.414.457/0001-12;2025-12-31;1;LEADS CIA. SECURITIZADORA;023558;DFP;155897;2026-03-31;http://www.rad.cvm.gov.br/ENETCONSULTA/frmDownloadDocumento.aspx?CodigoInstituicao=1&NumeroSequencialDocumento=155897
21.728.083/0001-00;2025-12-31;1;TRANSMISSORA JOSÉ MARIA DE MACEDO DE ELETRICIDADE S.A.;026654;DFP;154522;2026-01-29;http://www.rad.cvm.gov.br/ENETCONSULTA/frmDownloadDocumento.aspx?CodigoInstituicao=1&NumeroSequencialDocumento=154522
21.728.083/0001-00;2025-12-31;2;TRANSMISSORA JOSÉ MARIA DE MACEDO DE ELETRICIDADE S.A.;026654;DFP;154544;2026-01-30;http://www.rad.cvm.gov.br/ENETCONSULTA/frmDownloadDocumento.aspx?CodigoInstituicao=1&NumeroSequencialDocumento=154544
21.748.188/0001-20;2025-12-31;1;TERP GLBL BRASIL I PARTICIPAÇÕES S.A.;027804;DFP;155777;2026-03-27;http://www.rad.cvm.gov.br/ENETCONSULTA/frmDownloadDocumento.aspx?CodigoInstituicao=1&NumeroSequencialDocumento=155777
22.163.297/0001-49;2025-12-31;1;CONCESSIONÁRIA PONTE RIO-NITERÓI S.A. - ECOPONTE;024139;DFP;155432;2026-03-17;http://www.rad.cvm.gov.br/ENETCONSULTA/frmDownloadDocumento.aspx?CodigoInstituicao=1&NumeroSequencialDocumento=155432
22.261.473/0001-85;2025-12-31;1;COMPANHIA DE GÁS DE MINAS GERAIS - GASMIG;025178;DFP;155513;2026-03-19;http://www.rad.cvm.gov.br/ENETCONSULTA/frmDownloadDocumento.aspx?CodigoInstituicao=1&NumeroSequencialDocumento=155513
22.266.175/0001-88;2025-12-31;1;FERTILIZANTES HERINGER S.A.;020621;DFP;155801;2026-03-27;http://www.rad.cvm.gov.br/ENETCONSULTA/frmDownloadDocumento.aspx?CodigoInstituicao=1&NumeroSequencialDocumento=155801
22.543.331/0001-00;2025-12-31;1;CAIXA SEGURIDADE PARTICIPAÇÕES S.A.;023795;DFP;154941;2026-02-26;http://www.rad.cvm.gov.br/ENETCONSULTA/frmDownloadDocumento.aspx?CodigoInstituicao=1&NumeroSequencialDocumento=154941
23.096.269/0001-19;2025-12-31;1;RIO PARANA ENERGIA S.A.;025623;DFP;154957;2026-02-27;http://www.rad.cvm.gov.br/ENETCONSULTA/frmDownloadDocumento.aspx?CodigoInstituicao=1&NumeroSequencialDocumento=154957
23.096.269/0001-19;2025-12-31;2;RIO PARANA ENERGIA S.A.;025623;DFP;156114;2026-04-09;http://www.rad.cvm.gov.br/ENETCONSULTA/frmDownloadDocumento.aspx?CodigoInstituicao=1&NumeroSequencialDocumento=156114
23.236.821/0001-27;2025-12-31;1;PATRIMAR ENGENHARIA S.A.;025305;DFP;155119;2026-03-05;http://www.rad.cvm.gov.br/ENETCONSULTA/frmDownloadDocumento.aspx?CodigoInstituicao=1&NumeroSequencialDocumento=155119
23.373.000/0001-32;2025-12-31;1;VAMOS LOCAÇÃO DE CAMINHÕES, MÁQUINAS E EQUIPAMENTOS S.A.;024716;DFP;155702;2026-03-25;http://www.rad.cvm.gov.br/ENETCONSULTA/frmDownloadDocumento.aspx?CodigoInstituicao=1&NumeroSequencialDocumento=155702
23.438.929/0001-00;2025-12-31;1;ALARES INTERNET PARTICIPAÇÕES S/A;025194;DFP;155463;2026-03-18;http://www.rad.cvm.gov.br/ENETCONSULTA/frmDownloadDocumento.aspx?CodigoInstituicao=1&NumeroSequencialDocumento=155463
23.994.857/0001-70;2025-12-31;1;ATOM EDUCAÇÃO E EDITORA S.A.;027677;DFP;154776;2026-02-13;http://www.rad.cvm.gov.br/ENETCONSULTA/frmDownloadDocumento.aspx?CodigoInstituicao=1&NumeroSequencialDocumento=154776
24.230.275/0001-80;2025-12-31;1;PLANO & PLANO DESENVOLVIMENTO IMOBILIÁRIO S.A.;025070;DFP;155276;2026-03-11;http://www.rad.cvm.gov.br/ENETCONSULTA/frmDownloadDocumento.aspx?CodigoInstituicao=1&NumeroSequencialDocumento=155276
24.230.275/0001-80;2025-12-31;2;PLANO & PLANO DESENVOLVIMENTO IMOBILIÁRIO S.A.;025070;DFP;155293;2026-03-12;http://www.rad.cvm.gov.br/ENETCONSULTA/frmDownloadDocumento.aspx?CodigoInstituicao=1&NumeroSequencialDocumento=155293
24.396.489/0001-20;2025-12-31;1;BRK AMBIENTAL PARTICIPAÇÕES S.A.;024830;DFP;154542;2026-01-30;http://www.rad.cvm.gov.br/ENETCONSULTA/frmDownloadDocumento.aspx?CodigoInstituicao=1&NumeroSequencialDocumento=154542
24.624.490/0001-65;2025-12-31;1;ARGO TRANSMISSÃO DE ENERGIA S/A;024210;DFP;154525;2026-01-29;http://www.rad.cvm.gov.br/ENETCONSULTA/frmDownloadDocumento.aspx?CodigoInstituicao=1&NumeroSequencialDocumento=154525
24.624.490/0001-65;2025-12-31;2;ARGO TRANSMISSÃO DE ENERGIA S/A;024210;DFP;154547;2026-01-30;http://www.rad.cvm.gov.br/ENETCONSULTA/frmDownloadDocumento.aspx?CodigoInstituicao=1&NumeroSequencialDocumento=154547
24.624.551/0001-94;2025-12-31;1;ARGO ENERGIA EMPREENDIMENTOS E PARTICIPAÇÕES S/A;024120;DFP;154529;2026-01-30;http://www.rad.cvm.gov.br/ENETCONSULTA/frmDownloadDocumento.aspx?CodigoInstituicao=1&NumeroSequencialDocumento=154529
24.624.551/0001-94;2025-12-31;2;ARGO ENERGIA EMPREENDIMENTOS E PARTICIPAÇÕES S/A;024120;DFP;154543;2026-01-30;http://www.rad.cvm.gov.br/ENETCONSULTA/frmDownloadDocumento.aspx?CodigoInstituicao=1&NumeroSequencialDocumento=154543
24.624.551/0001-94;2025-12-31;3;ARGO ENERGIA EMPREENDIMENTOS E PARTICIPAÇÕES S/A;024120;DFP;156394;2026-04-24;http://www.rad.cvm.gov.br/ENETCONSULTA/frmDownloadDocumento.aspx?CodigoInstituicao=1&NumeroSequencialDocumento=156394
24.921.465/0001-43;2025-12-31;1;BLUEFIT ACADEMIAS DE GINÁSTICA E PARTICIPAÇÕES S.A.;026204;DFP;155946;2026-03-31;http://www.rad.cvm.gov.br/ENETCONSULTA/frmDownloadDocumento.aspx?CodigoInstituicao=1&NumeroSequencialDocumento=155946
24.921.465/0001-43;2025-12-31;2;BLUEFIT ACADEMIAS DE GINÁSTICA E PARTICIPAÇÕES S.A.;026204;DFP;156128;2026-04-10;http://www.rad.cvm.gov.br/ENETCONSULTA/frmDownloadDocumento.aspx?CodigoInstituicao=1&NumeroSequencialDocumento=156128
24.962.466/0001-36;2025-12-31;1;RUMO MALHA NORTE S.A.;015300;DFP;155604;2026-03-23;http://www.rad.cvm.gov.br/ENETCONSULTA/frmDownloadDocumento.aspx?CodigoInstituicao=1&NumeroSequencialDocumento=155604
24.990.777/0001-09;2025-12-31;1;GRUPO MATEUS S.A.;025186;DFP;155479;2026-03-18;http://www.rad.cvm.gov.br/ENETCONSULTA/frmDownloadDocumento.aspx?CodigoInstituicao=1&NumeroSequencialDocumento=155479
25.249.439/0001-83;2025-12-31;1;HOSPITAL CARE CALEDONIA S.A.;025771;DFP;159152;2026-06-19;http://www.rad.cvm.gov.br/ENETCONSULTA/frmDownloadDocumento.aspx?CodigoInstituicao=1&NumeroSequencialDocumento=159152
25.369.840/0001-57;2025-12-31;1;COMERC ENERGIA S.A.;026280;DFP;155280;2026-03-11;http://www.rad.cvm.gov.br/ENETCONSULTA/frmDownloadDocumento.aspx?CodigoInstituicao=1&NumeroSequencialDocumento=155280
26.345.998/0001-50;2025-12-31;1;ECONOMATICA S.A.;026077;DFP;155872;2026-03-31;http://www.rad.cvm.gov.br/ENETCONSULTA/frmDownloadDocumento.aspx?CodigoInstituicao=1&NumeroSequencialDocumento=155872
26.462.693/0001-28;2025-12-31;1;LAVVI EMPREENDIMENTOS IMOBILIÁRIOS S.A.;025062;DFP;155273;2026-03-11;http://www.rad.cvm.gov.br/ENETCONSULTA/frmDownloadDocumento.aspx?CodigoInstituicao=1&NumeroSequencialDocumento=155273
26.609.050/0001-64;2025-12-31;1;TRAVESSIA SECURITIZADORA S.A.;024082;DFP;155887;2026-03-31;http://www.rad.cvm.gov.br/ENETCONSULTA/frmDownloadDocumento.aspx?CodigoInstituicao=1&NumeroSequencialDocumento=155887
26.659.061/0001-59;2025-12-31;1;MPM CORPÓREOS S.A.;025445;DFP;155269;2026-03-11;http://www.rad.cvm.gov.br/ENETCONSULTA/frmDownloadDocumento.aspx?CodigoInstituicao=1&NumeroSequencialDocumento=155269
26.664.057/0001-89;2025-12-31;1;ENTREVIAS CONCESSIONÁRIA DE RODOVIAS S.A.;024341;DFP;155956;2026-03-31;http://www.rad.cvm.gov.br/ENETCONSULTA/frmDownloadDocumento.aspx?CodigoInstituicao=1&NumeroSequencialDocumento=155956
26.845.702/0001-60;2025-12-31;1;BELÉM TRANSMISSORA DE ENERGIA S.A;024457;DFP;155339;2026-03-12;http://www.rad.cvm.gov.br/ENETCONSULTA/frmDownloadDocumento.aspx?CodigoInstituicao=1&NumeroSequencialDocumento=155339
26.845.702/0001-60;2025-12-31;2;BELÉM TRANSMISSORA DE ENERGIA S.A;024457;DFP;155340;2026-03-12;http://www.rad.cvm.gov.br/ENETCONSULTA/frmDownloadDocumento.aspx?CodigoInstituicao=1&NumeroSequencialDocumento=155340
26.982.634/0001-80;2025-12-31;1;TURBI COMPARTILHAMENTO DE VEÍCULOS S.A.;027197;DFP;156232;2026-04-15;http://www.rad.cvm.gov.br/ENETCONSULTA/frmDownloadDocumento.aspx?CodigoInstituicao=1&NumeroSequencialDocumento=156232
27.093.558/0001-15;2025-12-31;1;MILLS LOCAÇÃO, SERVIÇOS E LOGÍSTICA S.A.;022012;DFP;155467;2026-03-18;http://www.rad.cvm.gov.br/ENETCONSULTA/frmDownloadDocumento.aspx?CodigoInstituicao=1&NumeroSequencialDocumento=155467
27.137.879/0001-74;2025-12-31;1;CIA SEC DE CRÉDITOS FINANCEIROS CARTÕES CONSIGNADOS I;024147;DFP;155255;2026-03-11;http://www.rad.cvm.gov.br/ENETCONSULTA/frmDownloadDocumento.aspx?CodigoInstituicao=1&NumeroSequencialDocumento=155255
27.157.474/0001-06;2025-12-31;1;ÁGUAS DE TERESINA SANEAMENTO SPE S.A.;025615;DFP;156210;2026-04-15;http://www.rad.cvm.gov.br/ENETCONSULTA/frmDownloadDocumento.aspx?CodigoInstituicao=1&NumeroSequencialDocumento=156210
27.743.642/0001-37;2025-12-31;1;CONSTRUTORA METROCASA S.A.;027340;DFP;155776;2026-03-27;http://www.rad.cvm.gov.br/ENETCONSULTA/frmDownloadDocumento.aspx?CodigoInstituicao=1&NumeroSequencialDocumento=155776
27.743.642/0001-37;2025-12-31;2;CONSTRUTORA METROCASA S.A.;027340;DFP;156080;2026-04-08;http://www.rad.cvm.gov.br/ENETCONSULTA/frmDownloadDocumento.aspx?CodigoInstituicao=1&NumeroSequencialDocumento=156080
27.902.165/0002-96;2025-12-31;1;HIGHLINE BRASIL II INFRAESTRUTURA DE TELECOMUNICAÇÕES S.A.;027880;DFP;156026;2026-04-06;http://www.rad.cvm.gov.br/ENETCONSULTA/frmDownloadDocumento.aspx?CodigoInstituicao=1&NumeroSequencialDocumento=156026
27.967.244/0001-02;2025-12-31;1;TAPAJÓS TRANSMISSORA DE ENERGIA S.A.;024481;DFP;155336;2026-03-12;http://www.rad.cvm.gov.br/ENETCONSULTA/frmDownloadDocumento.aspx?CodigoInstituicao=1&NumeroSequencialDocumento=155336
28.019.100/0001-89;2025-12-31;1;VIAPAULISTA S.A.;025607;DFP;155005;2026-03-03;http://www.rad.cvm.gov.br/ENETCONSULTA/frmDownloadDocumento.aspx?CodigoInstituicao=1&NumeroSequencialDocumento=155005
28.127.603/0001-78;2025-12-31;1;BANESTES S.A. - BCO EST ESPIRITO SANTO;001155;DFP;154846;2026-02-23;http://www.rad.cvm.gov.br/ENETCONSULTA/frmDownloadDocumento.aspx?CodigoInstituicao=1&NumeroSequencialDocumento=154846
28.127.603/0001-78;2025-12-31;2;BANESTES S.A. - BCO EST ESPIRITO SANTO;001155;DFP;158790;2026-06-01;http://www.rad.cvm.gov.br/ENETCONSULTA/frmDownloadDocumento.aspx?CodigoInstituicao=1&NumeroSequencialDocumento=158790
28.152.650/0001-71;2025-12-31;1;EDP ESPIRITO SANTO DISTRIBUIÇÃO DE ENERGIA S.A.;015342;DFP;154920;2026-02-25;http://www.rad.cvm.gov.br/ENETCONSULTA/frmDownloadDocumento.aspx?CodigoInstituicao=1&NumeroSequencialDocumento=154920
28.195.667/0001-06;2025-12-31;1;BCO ABC BRASIL S.A.;020958;DFP;154619;2026-02-06;http://www.rad.cvm.gov.br/ENETCONSULTA/frmDownloadDocumento.aspx?CodigoInstituicao=1&NumeroSequencialDocumento=154619
28.201.130/0001-01;2025-12-31;1;ENERGISA TRANSMISSÃO DE ENERGIA S/A;024589;DFP;155328;2026-03-12;http://www.rad.cvm.gov.br/ENETCONSULTA/frmDownloadDocumento.aspx?CodigoInstituicao=1&NumeroSequencialDocumento=155328
28.367.479/0001-18;2025-12-31;1;QUANTUM PARTICIPAÇÕES S.A;027855;DFP;155841;2026-03-30;http://www.rad.cvm.gov.br/ENETCONSULTA/frmDownloadDocumento.aspx?CodigoInstituicao=1&NumeroSequencialDocumento=155841
28.594.234/0001-23;2025-12-31;1;AUREN ENERGIA S.A.;026620;DFP;155028;2026-03-03;http://www.rad.cvm.gov.br/ENETCONSULTA/frmDownloadDocumento.aspx?CodigoInstituicao=1&NumeroSequencialDocumento=155028
28.925.264/0001-75;2025-12-31;1;COMPANHIA ENERGÉTICA JAGUARA;024422;DFP;155240;2026-03-10;http://www.rad.cvm.gov.br/ENETCONSULTA/frmDownloadDocumento.aspx?CodigoInstituicao=1&NumeroSequencialDocumento=155240
28.942.127/0001-49;2025-12-31;1;COMPANHIA ENERGÉTICA MIRANDA;024430;DFP;155239;2026-03-10;http://www.rad.cvm.gov.br/ENETCONSULTA/frmDownloadDocumento.aspx?CodigoInstituicao=1&NumeroSequencialDocumento=155239
29.780.061/0001-09;2025-12-31;1;SAO CARLOS EMPREEND E PARTICIPACOES S.A.;013781;DFP;155335;2026-03-12;http://www.rad.cvm.gov.br/ENETCONSULTA/frmDownloadDocumento.aspx?CodigoInstituicao=1&NumeroSequencialDocumento=155335
29.884.545/0001-90;2025-12-31;1;ECORIOMINAS CONCESSIONÁRIA DE RODOVIAS S.A.;027456;DFP;155440;2026-03-17;http://www.rad.cvm.gov.br/ENETCONSULTA/frmDownloadDocumento.aspx?CodigoInstituicao=1&NumeroSequencialDocumento=155440
29.980.141/0001-08;2025-12-31;1;OCEÂNICA ENGENHARIA E CONSULTORIA S.A.;026956;DFP;155566;2026-03-22;http://www.rad.cvm.gov.br/ENETCONSULTA/frmDownloadDocumento.aspx?CodigoInstituicao=1&NumeroSequencialDocumento=155566
30.213.493/0001-09;2025-12-31;1;TEGRA INCORPORADORA S.A.;025844;DFP;155867;2026-03-31;http://www.rad.cvm.gov.br/ENETCONSULTA/frmDownloadDocumento.aspx?CodigoInstituicao=1&NumeroSequencialDocumento=155867
30.306.294/0001-45;2025-12-31;1;BCO BTG PACTUAL S.A.;022616;DFP;154641;2026-02-09;http://www.rad.cvm.gov.br/ENETCONSULTA/frmDownloadDocumento.aspx?CodigoInstituicao=1&NumeroSequencialDocumento=154641
30.306.294/0001-45;2025-12-31;2;BCO BTG PACTUAL S.A.;022616;DFP;155648;2026-03-24;http://www.rad.cvm.gov.br/ENETCONSULTA/frmDownloadDocumento.aspx?CodigoInstituicao=1&NumeroSequencialDocumento=155648
30.540.991/0001-66;2025-12-31;1;HAGA S.A. INDUSTRIA E COMERCIO;013366;DFP;155661;2026-03-25;http://www.rad.cvm.gov.br/ENETCONSULTA/frmDownloadDocumento.aspx?CodigoInstituicao=1&NumeroSequencialDocumento=155661
31.001.230/0001-07;2025-12-31;1;CELEO REDES TRANSMISSÃO DE ENERGIA S.A.;024597;DFP;155886;2026-03-31;http://www.rad.cvm.gov.br/ENETCONSULTA/frmDownloadDocumento.aspx?CodigoInstituicao=1&NumeroSequencialDocumento=155886
31.468.139/0001-98;2025-12-31;1;CASA DE PEDRA SECURITIZADORA DE CREDITO S/A;024643;DFP;155885;2026-03-31;http://www.rad.cvm.gov.br/ENETCONSULTA/frmDownloadDocumento.aspx?CodigoInstituicao=1&NumeroSequencialDocumento=155885
31.553.627/0001-01;2025-12-31;1;GRUPO TOKY S.A. - EM RECUPERAÇÃO JUDICIAL;025461;DFP;155969;2026-03-31;http://www.rad.cvm.gov.br/ENETCONSULTA/frmDownloadDocumento.aspx?CodigoInstituicao=1&NumeroSequencialDocumento=155969
31.553.627/0001-01;2025-12-31;2;GRUPO TOKY S.A. - EM RECUPERAÇÃO JUDICIAL;025461;DFP;158838;2026-06-01;http://www.rad.cvm.gov.br/ENETCONSULTA/frmDownloadDocumento.aspx?CodigoInstituicao=1&NumeroSequencialDocumento=158838
31.748.174/0001-60;2025-12-31;1;VERO S.A.;026409;DFP;155367;2026-03-16;http://www.rad.cvm.gov.br/ENETCONSULTA/frmDownloadDocumento.aspx?CodigoInstituicao=1&NumeroSequencialDocumento=155367
32.021.201/0001-61;2025-12-31;1;ORIGEM ENERGIA S.A.;027227;DFP;155735;2026-03-26;http://www.rad.cvm.gov.br/ENETCONSULTA/frmDownloadDocumento.aspx?CodigoInstituicao=1&NumeroSequencialDocumento=155735
32.161.500/0001-00;2025-12-31;1;CONCESSIONÁRIA DAS RODOVIAS INTEGRADAS DO SUL S.A.;025356;DFP;154943;2026-02-26;http://www.rad.cvm.gov.br/ENETCONSULTA/frmDownloadDocumento.aspx?CodigoInstituicao=1&NumeroSequencialDocumento=154943
32.431.519/0001-10;2025-12-31;1;HÉLIO VALGAS SOLAR PARTICIPAÇÕES S.A.;027332;DFP;155278;2026-03-11;http://www.rad.cvm.gov.br/ENETCONSULTA/frmDownloadDocumento.aspx?CodigoInstituicao=1&NumeroSequencialDocumento=155278
32.681.371/0001-72;2025-12-31;1;VIX LOGÍSTICA S.A.;021202;DFP;155423;2026-03-17;http://www.rad.cvm.gov.br/ENETCONSULTA/frmDownloadDocumento.aspx?CodigoInstituicao=1&NumeroSequencialDocumento=155423
33.000.167/0001-01;2025-12-31;1;PETROLEO BRASILEIRO S.A. PETROBRAS;009512;DFP;155122;2026-03-05;http://www.rad.cvm.gov.br/ENETCONSULTA/frmDownloadDocumento.aspx?CodigoInstituicao=1&NumeroSequencialDocumento=155122
33.035.536/0001-00;2025-12-31;1;JOAO FORTES ENGENHARIA S.A. - EM RECUPERAÇÃO JUDICIAL;007811;DFP;155851;2026-03-30;http://www.rad.cvm.gov.br/ENETCONSULTA/frmDownloadDocumento.aspx?CodigoInstituicao=1&NumeroSequencialDocumento=155851
33.040.601/0001-87;2025-12-31;1;MERCANTIL FINANCEIRA S.A. - SOC. CRÉDITO, FINANC E INVESTIME;008540;DFP;155049;2026-03-04;http://www.rad.cvm.gov.br/ENETCONSULTA/frmDownloadDocumento.aspx?CodigoInstituicao=1&NumeroSequencialDocumento=155049
33.041.260/0652-90;2025-12-31;1;GRUPO CASAS BAHIA S.A.;006505;DFP;155289;2026-03-12;http://www.rad.cvm.gov.br/ENETCONSULTA/frmDownloadDocumento.aspx?CodigoInstituicao=1&NumeroSequencialDocumento=155289
33.042.730/0001-04;2025-12-31;1;CIA SIDERURGICA NACIONAL;004030;DFP;155288;2026-03-11;http://www.rad.cvm.gov.br/ENETCONSULTA/frmDownloadDocumento.aspx?CodigoInstituicao=1&NumeroSequencialDocumento=155288
33.050.071/0001-58;2025-12-31;1;AMPLA ENERGIA E SERVICOS S.A.;003050;DFP;154866;2026-02-24;http://www.rad.cvm.gov.br/ENETCONSULTA/frmDownloadDocumento.aspx?CodigoInstituicao=1&NumeroSequencialDocumento=154866
33.050.196/0001-88;2025-12-31;1;CIA PAULISTA DE FORCA E LUZ;003824;DFP;155110;2026-03-05;http://www.rad.cvm.gov.br/ENETCONSULTA/frmDownloadDocumento.aspx?CodigoInstituicao=1&NumeroSequencialDocumento=155110
33.113.309/0001-47;2025-12-31;1;VALID SOLUÇÕES S.A.;020028;DFP;155471;2026-03-18;http://www.rad.cvm.gov.br/ENETCONSULTA/frmDownloadDocumento.aspx?CodigoInstituicao=1&NumeroSequencialDocumento=155471
33.113.309/0001-47;2025-12-31;2;VALID SOLUÇÕES S.A.;020028;DFP;155878;2026-03-31;http://www.rad.cvm.gov.br/ENETCONSULTA/frmDownloadDocumento.aspx?CodigoInstituicao=1&NumeroSequencialDocumento=155878
33.113.309/0001-47;2025-12-31;3;VALID SOLUÇÕES S.A.;020028;DFP;155901;2026-03-31;http://www.rad.cvm.gov.br/ENETCONSULTA/frmDownloadDocumento.aspx?CodigoInstituicao=1&NumeroSequencialDocumento=155901
33.200.049/0001-47;2025-12-31;1;HOTEIS OTHON S.A. - EM RECUPERAÇÃO JUDICIAL;006700;DFP;155634;2026-03-24;http://www.rad.cvm.gov.br/ENETCONSULTA/frmDownloadDocumento.aspx?CodigoInstituicao=1&NumeroSequencialDocumento=155634
33.228.024/0001-51;2025-12-31;1;WLM PART. E COMÉRCIO DE MÁQUINAS E VEÍCULOS S.A.;011070;DFP;155797;2026-03-27;http://www.rad.cvm.gov.br/ENETCONSULTA/frmDownloadDocumento.aspx?CodigoInstituicao=1&NumeroSequencialDocumento=155797
33.256.439/0001-39;2025-12-31;1;ULTRAPAR PARTICIPACOES S.A.;018465;DFP;155064;2026-03-04;http://www.rad.cvm.gov.br/ENETCONSULTA/frmDownloadDocumento.aspx?CodigoInstituicao=1&NumeroSequencialDocumento=155064
33.352.394/0001-04;2025-12-31;1;CIA ESTADUAL DE ÁGUAS E ESGOTOS - CEDAE;016373;DFP;159126;2026-06-17;http://www.rad.cvm.gov.br/ENETCONSULTA/frmDownloadDocumento.aspx?CodigoInstituicao=1&NumeroSequencialDocumento=159126
33.376.989/0001-91;2025-12-31;1;IRB - BRASIL RESSEGUROS S.A.;024180;DFP;154752;2026-02-12;http://www.rad.cvm.gov.br/ENETCONSULTA/frmDownloadDocumento.aspx?CodigoInstituicao=1&NumeroSequencialDocumento=154752
33.376.989/0001-91;2025-12-31;2;IRB - BRASIL RESSEGUROS S.A.;024180;DFP;154753;2026-02-12;http://www.rad.cvm.gov.br/ENETCONSULTA/frmDownloadDocumento.aspx?CodigoInstituicao=1&NumeroSequencialDocumento=154753
33.376.989/0001-91;2025-12-31;3;IRB - BRASIL RESSEGUROS S.A.;024180;DFP;155940;2026-03-31;http://www.rad.cvm.gov.br/ENETCONSULTA/frmDownloadDocumento.aspx?CodigoInstituicao=1&NumeroSequencialDocumento=155940
33.386.210/0001-19;2025-12-31;1;SONDOTECNICA ENGENHARIA SOLOS S.A.;010880;DFP;155846;2026-03-30;http://www.rad.cvm.gov.br/ENETCONSULTA/frmDownloadDocumento.aspx?CodigoInstituicao=1&NumeroSequencialDocumento=155846
33.453.598/0001-23;2025-03-31;1;RAÍZEN S.A.;025917;DFP;147552;2025-05-13;http://www.rad.cvm.gov.br/ENETCONSULTA/frmDownloadDocumento.aspx?CodigoInstituicao=1&NumeroSequencialDocumento=147552
33.467.572/0001-34;2025-12-31;1;TEKNO S.A. - INDUSTRIA E COMERCIO;011231;DFP;155760;2026-03-27;http://www.rad.cvm.gov.br/ENETCONSULTA/frmDownloadDocumento.aspx?CodigoInstituicao=1&NumeroSequencialDocumento=155760
33.541.368/0001-16;2025-12-31;1;AXIA ENERGIA NORDESTE S.A.;003328;DFP;155164;2026-03-06;http://www.rad.cvm.gov.br/ENETCONSULTA/frmDownloadDocumento.aspx?CodigoInstituicao=1&NumeroSequencialDocumento=155164
33.572.408/0001-97;2025-12-31;1;RUMO MALHA CENTRAL S.A.;026484;DFP;155605;2026-03-23;http://www.rad.cvm.gov.br/ENETCONSULTA/frmDownloadDocumento.aspx?CodigoInstituicao=1&NumeroSequencialDocumento=155605
33.592.510/0001-54;2025-12-31;1;VALE S.A.;004170;DFP;154745;2026-02-12;http://www.rad.cvm.gov.br/ENETCONSULTA/frmDownloadDocumento.aspx?CodigoInstituicao=1&NumeroSequencialDocumento=154745
33.592.510/0001-54;2025-12-31;2;VALE S.A.;004170;DFP;155313;2026-03-12;http://www.rad.cvm.gov.br/ENETCONSULTA/frmDownloadDocumento.aspx?CodigoInstituicao=1&NumeroSequencialDocumento=155313
33.611.500/0001-19;2025-12-31;1;GERDAU S.A.;003980;DFP;154830;2026-02-23;http://www.rad.cvm.gov.br/ENETCONSULTA/frmDownloadDocumento.aspx?CodigoInstituicao=1&NumeroSequencialDocumento=154830
33.839.910/0001-11;2025-12-31;1;VIVARA PARTICIPAÇÕES S.A.;024805;DFP;155474;2026-03-18;http://www.rad.cvm.gov.br/ENETCONSULTA/frmDownloadDocumento.aspx?CodigoInstituicao=1&NumeroSequencialDocumento=155474
33.938.119/0001-69;2025-12-31;1;CIA DISTRIB DE GAS DO RIO DE JANEIRO-CEG;016616;DFP;155814;2026-03-30;http://www.rad.cvm.gov.br/ENETCONSULTA/frmDownloadDocumento.aspx?CodigoInstituicao=1&NumeroSequencialDocumento=155814
33.958.695/0001-78;2025-12-31;1;UNIPAR CARBOCLORO S.A.;011592;DFP;155510;2026-03-19;http://www.rad.cvm.gov.br/ENETCONSULTA/frmDownloadDocumento.aspx?CodigoInstituicao=1&NumeroSequencialDocumento=155510
34.169.557/0001-72;2025-12-31;1;BCO MERCANTIL DE INVESTIMENTOS S.A.;001309;DFP;155047;2026-03-04;http://www.rad.cvm.gov.br/ENETCONSULTA/frmDownloadDocumento.aspx?CodigoInstituicao=1&NumeroSequencialDocumento=155047
34.274.233/0001-02;2025-12-31;1;VIBRA ENERGIA S/A;024295;DFP;155274;2026-03-11;http://www.rad.cvm.gov.br/ENETCONSULTA/frmDownloadDocumento.aspx?CodigoInstituicao=1&NumeroSequencialDocumento=155274
35.522.178/0001-87;2025-12-31;1;CIA SECURITIZADORA DE CRED. FIN. CARTÕES CONSIGNADOS II;026107;DFP;155452;2026-03-18;http://www.rad.cvm.gov.br/ENETCONSULTA/frmDownloadDocumento.aspx?CodigoInstituicao=1&NumeroSequencialDocumento=155452
35.593.905/0001-05;2025-12-31;1;CONCESSIONÁRIA ECOVIAS DO CERRADO S.A.;026581;DFP;155439;2026-03-17;http://www.rad.cvm.gov.br/ENETCONSULTA/frmDownloadDocumento.aspx?CodigoInstituicao=1&NumeroSequencialDocumento=155439
35.654.688/0001-08;2025-12-31;1;AUTOMOB PARTICIPAÇÕES S.A.;027707;DFP;155654;2026-03-24;http://www.rad.cvm.gov.br/ENETCONSULTA/frmDownloadDocumento.aspx?CodigoInstituicao=1&NumeroSequencialDocumento=155654
35.727.157/0001-06;2025-12-31;1;EZ INC INCORPORAÇÕES S.A.;025380;DFP;155315;2026-03-12;http://www.rad.cvm.gov.br/ENETCONSULTA/frmDownloadDocumento.aspx?CodigoInstituicao=1&NumeroSequencialDocumento=155315
35.764.708/0001-01;2025-12-31;1;BRASIL TECNOLOGIA E PARTICIPAÇÕES S.A.;027499;DFP;155157;2026-03-06;http://www.rad.cvm.gov.br/ENETCONSULTA/frmDownloadDocumento.aspx?CodigoInstituicao=1&NumeroSequencialDocumento=155157
35.791.391/0001-94;2025-12-31;1;QUALITY SOFTWARE S.A.;023302;DFP;155585;2026-03-23;http://www.rad.cvm.gov.br/ENETCONSULTA/frmDownloadDocumento.aspx?CodigoInstituicao=1&NumeroSequencialDocumento=155585
35.822.503/0001-27;2025-12-31;1;INSPIRALI EDUCAÇÃO S.A.;027251;DFP;155799;2026-03-27;http://www.rad.cvm.gov.br/ENETCONSULTA/frmDownloadDocumento.aspx?CodigoInstituicao=1&NumeroSequencialDocumento=155799
35.822.503/0001-27;2025-12-31;2;INSPIRALI EDUCAÇÃO S.A.;027251;DFP;156183;2026-04-13;http://www.rad.cvm.gov.br/ENETCONSULTA/frmDownloadDocumento.aspx?CodigoInstituicao=1&NumeroSequencialDocumento=156183
35.822.503/0001-27;2025-12-31;3;INSPIRALI EDUCAÇÃO S.A.;027251;DFP;156190;2026-04-14;http://www.rad.cvm.gov.br/ENETCONSULTA/frmDownloadDocumento.aspx?CodigoInstituicao=1&NumeroSequencialDocumento=156190
35.980.592/0001-30;2025-12-31;1;ELEA DIGITAL INFRAESTRUTURA E REDES DE TELECOMUNICAÇÕES S.A.;026948;DFP;155968;2026-03-31;http://www.rad.cvm.gov.br/ENETCONSULTA/frmDownloadDocumento.aspx?CodigoInstituicao=1&NumeroSequencialDocumento=155968
36.146.575/0001-64;2025-12-31;1;EIXO SP CONCESSIONÁRIA DE RODOVIAS S.A.;026875;DFP;155044;2026-03-04;http://www.rad.cvm.gov.br/ENETCONSULTA/frmDownloadDocumento.aspx?CodigoInstituicao=1&NumeroSequencialDocumento=155044
36.542.025/0001-64;2025-12-31;1;BRQ SOLUCOES EM INFORMATICA S.A.;023817;DFP;154960;2026-02-27;http://www.rad.cvm.gov.br/ENETCONSULTA/frmDownloadDocumento.aspx?CodigoInstituicao=1&NumeroSequencialDocumento=154960
36.763.716/0001-98;2025-12-31;1;CONCESSIONÁRIA CATARINENSE DE RODOVIAS S.A.;026859;DFP;155092;2026-03-05;http://www.rad.cvm.gov.br/ENETCONSULTA/frmDownloadDocumento.aspx?CodigoInstituicao=1&NumeroSequencialDocumento=155092
37.663.076/0001-07;2025-12-31;1;AUREN PARTICIPAÇÕES S.A.;025640;DFP;155032;2026-03-03;http://www.rad.cvm.gov.br/ENETCONSULTA/frmDownloadDocumento.aspx?CodigoInstituicao=1&NumeroSequencialDocumento=155032
37.702.340/0001-74;2025-12-31;1;AUSTRAVIAS S.A.;026328;DFP;155817;2026-03-30;http://www.rad.cvm.gov.br/ENETCONSULTA/frmDownloadDocumento.aspx?CodigoInstituicao=1&NumeroSequencialDocumento=155817
38.042.694/0001-00;2025-12-31;1;TRAVESSIA SECURITIZADORA DE CRÉDITOS FINANCEIROS S.A.;025240;DFP;155751;2026-03-26;http://www.rad.cvm.gov.br/ENETCONSULTA/frmDownloadDocumento.aspx?CodigoInstituicao=1&NumeroSequencialDocumento=155751
38.199.406/0001-18;2025-12-31;1;RIO ALTO ENERGIAS RENOVÁVEIS S.A.;025720;DFP;159274;2026-06-30;http://www.rad.cvm.gov.br/ENETCONSULTA/frmDownloadDocumento.aspx?CodigoInstituicao=1&NumeroSequencialDocumento=159274
38.286.323/0001-66;2025-12-31;1;ASSURUÁ 4 E 5 HOLDING ENERGIA S.A.;027545;DFP;155544;2026-03-20;http://www.rad.cvm.gov.br/ENETCONSULTA/frmDownloadDocumento.aspx?CodigoInstituicao=1&NumeroSequencialDocumento=155544
38.307.135/0001-77;2025-12-31;1;G2D INVESTMENTS, LTD.;080195;DFP;155953;2026-03-31;http://www.rad.cvm.gov.br/ENETCONSULTA/frmDownloadDocumento.aspx?CodigoInstituicao=1&NumeroSequencialDocumento=155953
38.456.921/0001-36;2025-12-31;1;INFRACOMMERCE CXAAS S.A.;025747;DFP;156540;2026-04-30;http://www.rad.cvm.gov.br/ENETCONSULTA/frmDownloadDocumento.aspx?CodigoInstituicao=1&NumeroSequencialDocumento=156540
39.115.514/0001-28;2025-12-31;1;RUMO MALHA OESTE S.A.;017850;DFP;155960;2026-03-31;http://www.rad.cvm.gov.br/ENETCONSULTA/frmDownloadDocumento.aspx?CodigoInstituicao=1&NumeroSequencialDocumento=155960
39.580.673/0001-01;2025-12-31;1;BRK AMBIENTAL - REGIÃO METROPOLITANA DE MACEIÓ S.A.;026999;DFP;154754;2026-02-12;http://www.rad.cvm.gov.br/ENETCONSULTA/frmDownloadDocumento.aspx?CodigoInstituicao=1&NumeroSequencialDocumento=154754
39.881.421/0001-04;2025-12-31;1;COMPANHIA ESTADUAL DE GERAÇÃO DE ENERGIA ELÉTRICA - CEEE-G;027154;DFP;155284;2026-03-11;http://www.rad.cvm.gov.br/ENETCONSULTA/frmDownloadDocumento.aspx?CodigoInstituicao=1&NumeroSequencialDocumento=155284
40.159.947/0001-64;2025-12-31;1;HMOBI PARTICIPAÇÕES S.A.;025674;DFP;155737;2026-03-26;http://www.rad.cvm.gov.br/ENETCONSULTA/frmDownloadDocumento.aspx?CodigoInstituicao=1&NumeroSequencialDocumento=155737
40.263.170/0001-83;2025-12-31;1;SOLVI ESSENCIS AMBIENTAL S.A.;027073;DFP;155845;2026-03-30;http://www.rad.cvm.gov.br/ENETCONSULTA/frmDownloadDocumento.aspx?CodigoInstituicao=1&NumeroSequencialDocumento=155845
40.337.136/0001-06;2025-12-31;1;TERRA SANTA PROPRIEDADES AGRÍCOLAS S.A.;026000;DFP;155400;2026-03-16;http://www.rad.cvm.gov.br/ENETCONSULTA/frmDownloadDocumento.aspx?CodigoInstituicao=1&NumeroSequencialDocumento=155400
40.593.395/0001-06;2025-12-31;1;IFIN PARTICIPAÇÕES S.A.;026905;DFP;161403;2026-09-21;http://www.rad.cvm.gov.br/ENETCONSULTA/frmDownloadDocumento.aspx?CodigoInstituicao=1&NumeroSequencialDocumento=161403
40.997.635/0001-20;2025-12-31;1;TRV XLIII SECURITIZADORA DE CREDITOS MERCANTIS S.A.;026239;DFP;155911;2026-03-31;http://www.rad.cvm.gov.br/ENETCONSULTA/frmDownloadDocumento.aspx?CodigoInstituicao=1&NumeroSequencialDocumento=155911
41.052.420/0001-07;2025-12-31;1;SOLAR BEBIDAS S.A.;027014;DFP;155734;2026-03-26;http://www.rad.cvm.gov.br/ENETCONSULTA/frmDownloadDocumento.aspx?CodigoInstituicao=1&NumeroSequencialDocumento=155734
41.052.420/0001-07;2025-12-31;2;SOLAR BEBIDAS S.A.;027014;DFP;155868;2026-03-31;http://www.rad.cvm.gov.br/ENETCONSULTA/frmDownloadDocumento.aspx?CodigoInstituicao=1&NumeroSequencialDocumento=155868
41.096.674/0001-19;2025-12-31;1;CANTU STORE S.A.;026646;DFP;156539;2026-04-30;http://www.rad.cvm.gov.br/ENETCONSULTA/frmDownloadDocumento.aspx?CodigoInstituicao=1&NumeroSequencialDocumento=156539
41.508.382/0001-46;2025-12-31;1;RODOVIAS DO BRASIL HOLDING S.A.;026352;DFP;155964;2026-03-31;http://www.rad.cvm.gov.br/ENETCONSULTA/frmDownloadDocumento.aspx?CodigoInstituicao=1&NumeroSequencialDocumento=155964
41.570.356/0001-48;2025-12-31;1;VRENTAL LOCAÇÃO DE MÁQUINAS E EQUIPAMENTOS S.A.;027235;DFP;155966;2026-03-31;http://www.rad.cvm.gov.br/ENETCONSULTA/frmDownloadDocumento.aspx?CodigoInstituicao=1&NumeroSequencialDocumento=155966
41.570.356/0001-48;2025-12-31;2;VRENTAL LOCAÇÃO DE MÁQUINAS E EQUIPAMENTOS S.A.;027235;DFP;156024;2026-04-03;http://www.rad.cvm.gov.br/ENETCONSULTA/frmDownloadDocumento.aspx?CodigoInstituicao=1&NumeroSequencialDocumento=156024
41.570.356/0001-48;2025-12-31;3;VRENTAL LOCAÇÃO DE MÁQUINAS E EQUIPAMENTOS S.A.;027235;DFP;156032;2026-04-06;http://www.rad.cvm.gov.br/ENETCONSULTA/frmDownloadDocumento.aspx?CodigoInstituicao=1&NumeroSequencialDocumento=156032
41.886.692/0001-02;2025-12-31;1;CONCESSIONARIA ROTA DE SANTA MARIA S.A;027294;DFP;155889;2026-03-31;http://www.rad.cvm.gov.br/ENETCONSULTA/frmDownloadDocumento.aspx?CodigoInstituicao=1&NumeroSequencialDocumento=155889
42.150.391/0001-70;2025-12-31;1;BRASKEM S.A.;004820;DFP;155756;2026-03-27;http://www.rad.cvm.gov.br/ENETCONSULTA/frmDownloadDocumento.aspx?CodigoInstituicao=1&NumeroSequencialDocumento=155756
42.233.757/0001-75;2025-12-31;1;ALVAREZ & MARSAL INVESTIMENTOS I S.A.;026433;DFP;155898;2026-03-31;http://www.rad.cvm.gov.br/ENETCONSULTA/frmDownloadDocumento.aspx?CodigoInstituicao=1&NumeroSequencialDocumento=155898
42.276.907/0001-28;2025-12-31;1;VLI MULTIMODAL S.A;028045;DFP;155749;2026-03-26;http://www.rad.cvm.gov.br/ENETCONSULTA/frmDownloadDocumento.aspx?CodigoInstituicao=1&NumeroSequencialDocumento=155749
42.278.291/0001-24;2025-12-31;1;LOG-IN LOGISTICA INTERMODAL S.A.;020710;DFP;155261;2026-03-11;http://www.rad.cvm.gov.br/ENETCONSULTA/frmDownloadDocumento.aspx?CodigoInstituicao=1&NumeroSequencialDocumento=155261
42.278.473/0001-03;2025-12-31;1;WIZ CO PARTICIPAÇÕES E CORRETAGEM DE SEGUROS S.A.;023590;DFP;155497;2026-03-19;http://www.rad.cvm.gov.br/ENETCONSULTA/frmDownloadDocumento.aspx?CodigoInstituicao=1&NumeroSequencialDocumento=155497
42.292.007/0001-74;2025-12-31;1;RIO+ SANEAMENTO BL 3 S.A.;027146;DFP;155561;2026-03-20;http://www.rad.cvm.gov.br/ENETCONSULTA/frmDownloadDocumento.aspx?CodigoInstituicao=1&NumeroSequencialDocumento=155561
42.310.775/0001-03;2025-12-31;1;ÁGUAS DO RIO 1 SPE S.A.;026735;DFP;156155;2026-04-11;http://www.rad.cvm.gov.br/ENETCONSULTA/frmDownloadDocumento.aspx?CodigoInstituicao=1&NumeroSequencialDocumento=156155
42.310.775/0001-03;2025-12-31;2;ÁGUAS DO RIO 1 SPE S.A.;026735;DFP;156169;2026-04-13;http://www.rad.cvm.gov.br/ENETCONSULTA/frmDownloadDocumento.aspx?CodigoInstituicao=1&NumeroSequencialDocumento=156169
42.310.775/0001-03;2025-12-31;3;ÁGUAS DO RIO 1 SPE S.A.;026735;DFP;160353;2026-08-10;http://www.rad.cvm.gov.br/ENETCONSULTA/frmDownloadDocumento.aspx?CodigoInstituicao=1&NumeroSequencialDocumento=160353
42.331.462/0001-31;2025-12-31;1;EMBPAR PARTICIPAÇÕES S/A;015458;DFP;155521;2026-03-20;http://www.rad.cvm.gov.br/ENETCONSULTA/frmDownloadDocumento.aspx?CodigoInstituicao=1&NumeroSequencialDocumento=155521
42.353.180/0001-35;2025-12-31;1;IGUÁ RIO DE JANEIRO S.A.;026727;DFP;155706;2026-03-25;http://www.rad.cvm.gov.br/ENETCONSULTA/frmDownloadDocumento.aspx?CodigoInstituicao=1&NumeroSequencialDocumento=155706
42.500.384/0001-51;2025-12-31;1;SERENA ENERGIA S.A.;026441;DFP;155480;2026-03-18;http://www.rad.cvm.gov.br/ENETCONSULTA/frmDownloadDocumento.aspx?CodigoInstituicao=1&NumeroSequencialDocumento=155480
42.644.220/0001-06;2025-12-31;1;ÁGUAS DO RIO 4 SPE S.A.;026743;DFP;156156;2026-04-11;http://www.rad.cvm.gov.br/ENETCONSULTA/frmDownloadDocumento.aspx?CodigoInstituicao=1&NumeroSequencialDocumento=156156
42.644.220/0001-06;2025-12-31;2;ÁGUAS DO RIO 4 SPE S.A.;026743;DFP;156172;2026-04-13;http://www.rad.cvm.gov.br/ENETCONSULTA/frmDownloadDocumento.aspx?CodigoInstituicao=1&NumeroSequencialDocumento=156172
42.644.220/0001-06;2025-12-31;3;ÁGUAS DO RIO 4 SPE S.A.;026743;DFP;160354;2026-08-10;http://www.rad.cvm.gov.br/ENETCONSULTA/frmDownloadDocumento.aspx?CodigoInstituicao=1&NumeroSequencialDocumento=160354
42.737.954/0001-21;2025-12-31;1;INTER & CO, INC.;080217;DFP;154692;2026-02-11;http://www.rad.cvm.gov.br/ENETCONSULTA/frmDownloadDocumento.aspx?CodigoInstituicao=1&NumeroSequencialDocumento=154692
42.737.954/0001-21;2025-12-31;2;INTER & CO, INC.;080217;DFP;155983;2026-04-01;http://www.rad.cvm.gov.br/ENETCONSULTA/frmDownloadDocumento.aspx?CodigoInstituicao=1&NumeroSequencialDocumento=155983
42.771.949/0001-35;2025-12-31;1;ALLIANÇA SAÚDE E PARTICIPAÇÕES S.A.;024058;DFP;159790;2026-07-30;http://www.rad.cvm.gov.br/ENETCONSULTA/frmDownloadDocumento.aspx?CodigoInstituicao=1&NumeroSequencialDocumento=159790
43.283.811/0001-50;2025-12-31;1;KALUNGA S.A;025631;DFP;155427;2026-03-17;http://www.rad.cvm.gov.br/ENETCONSULTA/frmDownloadDocumento.aspx?CodigoInstituicao=1&NumeroSequencialDocumento=155427
43.335.774/0001-86;2025-12-31;1;TRAVESSIA SECURITIZADORA DE CRÉDITOS MERCANTIS VI S.A.;026824;DFP;155926;2026-03-31;http://www.rad.cvm.gov.br/ENETCONSULTA/frmDownloadDocumento.aspx?CodigoInstituicao=1&NumeroSequencialDocumento=155926
43.470.988/0001-65;2025-12-31;1;EVEN CONSTRUTORA E INCORPORADORA S.A.;020524;DFP;155582;2026-03-23;http://www.rad.cvm.gov.br/ENETCONSULTA/frmDownloadDocumento.aspx?CodigoInstituicao=1&NumeroSequencialDocumento=155582
43.514.079/0001-81;2025-12-31;1;CLI SUL S.A.;027243;DFP;154973;2026-02-27;http://www.rad.cvm.gov.br/ENETCONSULTA/frmDownloadDocumento.aspx?CodigoInstituicao=1&NumeroSequencialDocumento=154973
43.776.517/0001-80;2025-12-31;1;CIA SANEAMENTO BASICO EST SAO PAULO;014443;DFP;155397;2026-03-16;http://www.rad.cvm.gov.br/ENETCONSULTA/frmDownloadDocumento.aspx?CodigoInstituicao=1&NumeroSequencialDocumento=155397
43.776.517/0001-80;2025-12-31;2;CIA SANEAMENTO BASICO EST SAO PAULO;014443;DFP;155830;2026-03-30;http://www.rad.cvm.gov.br/ENETCONSULTA/frmDownloadDocumento.aspx?CodigoInstituicao=1&NumeroSequencialDocumento=155830
43.948.405/0001-69;2025-12-31;1;LUPO S.A.;026506;DFP;155581;2026-03-23;http://www.rad.cvm.gov.br/ENETCONSULTA/frmDownloadDocumento.aspx?CodigoInstituicao=1&NumeroSequencialDocumento=155581
44.067.725/0001-72;2025-12-31;1;VIA BRASIL BR 163 CONCESSIONÁRIA DE RODOVIAS S.A.;026913;DFP;155806;2026-03-27;http://www.rad.cvm.gov.br/ENETCONSULTA/frmDownloadDocumento.aspx?CodigoInstituicao=1&NumeroSequencialDocumento=155806
44.319.688/0001-42;2025-12-31;1;CONCESSIONÁRIA DO SISTEMA RODOVIÁRIO RIO-SÃO PAULO S.A;027421;DFP;155095;2026-03-05;http://www.rad.cvm.gov.br/ENETCONSULTA/frmDownloadDocumento.aspx?CodigoInstituicao=1&NumeroSequencialDocumento=155095
44.854.238/0001-50;2025-12-31;1;PARSAN S.A.;027448;DFP;156266;2026-04-16;http://www.rad.cvm.gov.br/ENETCONSULTA/frmDownloadDocumento.aspx?CodigoInstituicao=1&NumeroSequencialDocumento=156266
45.242.914/0001-05;2025-12-31;1;C&A MODAS S.A.;024848;DFP;154859;2026-02-24;http://www.rad.cvm.gov.br/ENETCONSULTA/frmDownloadDocumento.aspx?CodigoInstituicao=1&NumeroSequencialDocumento=154859
45.365.558/0001-09;2025-12-31;1;VITTIA S.A.;025763;DFP;155333;2026-03-12;http://www.rad.cvm.gov.br/ENETCONSULTA/frmDownloadDocumento.aspx?CodigoInstituicao=1&NumeroSequencialDocumento=155333
45.453.214/0001-51;2025-12-31;1;PROFARMA DISTRIB PROD FARMACEUTICOS S.A.;020346;DFP;155394;2026-03-16;http://www.rad.cvm.gov.br/ENETCONSULTA/frmDownloadDocumento.aspx?CodigoInstituicao=1&NumeroSequencialDocumento=155394
45.453.214/0001-51;2025-12-31;2;PROFARMA DISTRIB PROD FARMACEUTICOS S.A.;020346;DFP;155768;2026-03-27;http://www.rad.cvm.gov.br/ENETCONSULTA/frmDownloadDocumento.aspx?CodigoInstituicao=1&NumeroSequencialDocumento=155768
45.456.117/0001-12;2025-12-31;1;ÁGUAS DO SERTÃO S.A.;027359;DFP;155808;2026-03-27;http://www.rad.cvm.gov.br/ENETCONSULTA/frmDownloadDocumento.aspx?CodigoInstituicao=1&NumeroSequencialDocumento=155808
45.736.131/0001-70;2025-12-31;1;UNIDAS LOCADORA S.A.;027162;DFP;155483;2026-03-18;http://www.rad.cvm.gov.br/ENETCONSULTA/frmDownloadDocumento.aspx?CodigoInstituicao=1&NumeroSequencialDocumento=155483
45.987.245/0001-92;2025-12-31;1;BIOMA EDUCAÇÃO S.A.;000701;DFP;155970;2026-04-01;http://www.rad.cvm.gov.br/ENETCONSULTA/frmDownloadDocumento.aspx?CodigoInstituicao=1&NumeroSequencialDocumento=155970
46.119.855/0001-37;2025-12-31;1;SOCIEDADE ABASTECIMENTO DE ÁGUA E SANEAMENTO S.A - SANASA;016241;DFP;155880;2026-03-31;http://www.rad.cvm.gov.br/ENETCONSULTA/frmDownloadDocumento.aspx?CodigoInstituicao=1&NumeroSequencialDocumento=155880
46.568.486/0001-60;2025-12-31;1;MANTIQUEIRA HOLDING S.A.;027952;DFP;155267;2026-03-11;http://www.rad.cvm.gov.br/ENETCONSULTA/frmDownloadDocumento.aspx?CodigoInstituicao=1&NumeroSequencialDocumento=155267
46.573.272/0001-81;2025-12-31;1;PORTO SAÚDE PARTICIPAÇÕES S.A.;027618;DFP;154598;2026-02-05;http://www.rad.cvm.gov.br/ENETCONSULTA/frmDownloadDocumento.aspx?CodigoInstituicao=1&NumeroSequencialDocumento=154598
47.155.252/0001-53;2025-12-31;1;VIA ARAUCÁRIA CONCESSIONÁRIA DE RODOVIAS S.A.;027936;DFP;155048;2026-03-04;http://www.rad.cvm.gov.br/ENETCONSULTA/frmDownloadDocumento.aspx?CodigoInstituicao=1&NumeroSequencialDocumento=155048
47.508.411/0001-56;2025-12-31;1;CIA BRASILEIRA DE DISTRIBUICAO;014826;DFP;154864;2026-02-24;http://www.rad.cvm.gov.br/ENETCONSULTA/frmDownloadDocumento.aspx?CodigoInstituicao=1&NumeroSequencialDocumento=154864
47.509.120/0001-82;2025-12-31;1;BRADESCO LEASING S.A. ARREND MERCANTIL;019640;DFP;154980;2026-03-02;http://www.rad.cvm.gov.br/ENETCONSULTA/frmDownloadDocumento.aspx?CodigoInstituicao=1&NumeroSequencialDocumento=154980
47.586.663/0001-01;2025-12-31;1;NOVA SOCIEDADE DE NAVEGAÇÃO S.A.;027081;DFP;155928;2026-03-31;http://www.rad.cvm.gov.br/ENETCONSULTA/frmDownloadDocumento.aspx?CodigoInstituicao=1&NumeroSequencialDocumento=155928
47.815.827/0001-17;2025-12-31;1;CAMINHOS DA SERRA GAUCHA S/A;027871;DFP;155828;2026-03-30;http://www.rad.cvm.gov.br/ENETCONSULTA/frmDownloadDocumento.aspx?CodigoInstituicao=1&NumeroSequencialDocumento=155828
47.960.950/0001-21;2025-12-31;1;MAGAZINE LUIZA S.A.;022470;DFP;155314;2026-03-12;http://www.rad.cvm.gov.br/ENETCONSULTA/frmDownloadDocumento.aspx?CodigoInstituicao=1&NumeroSequencialDocumento=155314
48.127.008/0001-40;2025-12-31;1;CONCESSIONÁRIA RODOVIAS DO SUL DE MINAS SPE S.A.;027596;DFP;155595;2026-03-23;http://www.rad.cvm.gov.br/ENETCONSULTA/frmDownloadDocumento.aspx?CodigoInstituicao=1&NumeroSequencialDocumento=155595
48.127.012/0001-08;2025-12-31;1;CONCESSIONÁRIA RODOVIAS DO TRIÂNGULO SPE S.A.;027537;DFP;155598;2026-03-23;http://www.rad.cvm.gov.br/ENETCONSULTA/frmDownloadDocumento.aspx?CodigoInstituicao=1&NumeroSequencialDocumento=155598
48.710.127/0001-20;2025-12-31;1;SPE NOVO NORTE AEROPORTOS S.A;027758;DFP;155395;2026-03-16;http://www.rad.cvm.gov.br/ENETCONSULTA/frmDownloadDocumento.aspx?CodigoInstituicao=1&NumeroSequencialDocumento=155395
48.851.242/0001-15;2025-12-31;1;CONCESSIONARIA DAS RODOVIAS DO LESTE MS S/A;027790;DFP;155877;2026-03-31;http://www.rad.cvm.gov.br/ENETCONSULTA/frmDownloadDocumento.aspx?CodigoInstituicao=1&NumeroSequencialDocumento=155877
49.115.815/0001-05;2025-12-31;1;JBS N.V.;080233;DFP;155686;2026-03-25;http://www.rad.cvm.gov.br/ENETCONSULTA/frmDownloadDocumento.aspx?CodigoInstituicao=1&NumeroSequencialDocumento=155686
49.263.189/0001-02;2025-12-31;1;HELBOR EMPREENDIMENTOS S.A.;020877;DFP;155635;2026-03-24;http://www.rad.cvm.gov.br/ENETCONSULTA/frmDownloadDocumento.aspx?CodigoInstituicao=1&NumeroSequencialDocumento=155635
49.314.049/0001-08;2025-12-31;1;CONCESSIONÁRIA DE RODOVIAS NOROESTE PAULISTA S.A;027464;DFP;155437;2026-03-17;http://www.rad.cvm.gov.br/ENETCONSULTA/frmDownloadDocumento.aspx?CodigoInstituicao=1&NumeroSequencialDocumento=155437
49.669.856/0001-43;2025-12-31;1;VESTE S.A. ESTILO;021440;DFP;154998;2026-03-02;http://www.rad.cvm.gov.br/ENETCONSULTA/frmDownloadDocumento.aspx?CodigoInstituicao=1&NumeroSequencialDocumento=154998
49.703.913/0001-63;2025-12-31;1;PLATÃO CAPITAL S.A.;027995;DFP;157737;2026-05-19;http://www.rad.cvm.gov.br/ENETCONSULTA/frmDownloadDocumento.aspx?CodigoInstituicao=1&NumeroSequencialDocumento=157737
50.399.553/0001-37;2025-12-31;1;CONCESSIONÁRIA RODOANEL NORTE SPE S.A.;027782;DFP;156182;2026-04-13;http://www.rad.cvm.gov.br/ENETCONSULTA/frmDownloadDocumento.aspx?CodigoInstituicao=1&NumeroSequencialDocumento=156182
50.564.053/0001-03;2025-12-31;1;BOMBRIL S.A. - EM RECUPERAÇÃO JUDICIAL;012190;DFP;159247;2026-06-26;http://www.rad.cvm.gov.br/ENETCONSULTA/frmDownloadDocumento.aspx?CodigoInstituicao=1&NumeroSequencialDocumento=159247
50.746.577/0001-15;2025-12-31;1;COSAN S.A.;019836;DFP;155203;2026-03-09;http://www.rad.cvm.gov.br/ENETCONSULTA/frmDownloadDocumento.aspx?CodigoInstituicao=1&NumeroSequencialDocumento=155203
50.926.955/0001-42;2025-12-31;1;VULCABRAS S.A.;011762;DFP;155033;2026-03-03;http://www.rad.cvm.gov.br/ENETCONSULTA/frmDownloadDocumento.aspx?CodigoInstituicao=1&NumeroSequencialDocumento=155033
51.128.999/0001-90;2025-12-31;1;NUTRIPLANT INDUSTRIA E COMERCIO S.A.;021334;DFP;155761;2026-03-27;http://www.rad.cvm.gov.br/ENETCONSULTA/frmDownloadDocumento.aspx?CodigoInstituicao=1&NumeroSequencialDocumento=155761
51.136.974/0001-38;2025-12-31;1;EPR INFRAESTRUTURA PR S.A.;027715;DFP;155591;2026-03-23;http://www.rad.cvm.gov.br/ENETCONSULTA/frmDownloadDocumento.aspx?CodigoInstituicao=1&NumeroSequencialDocumento=155591
51.137.031/0001-20;2025-12-31;1;EPR LITORAL PIONEIRO S.A.;027723;DFP;155593;2026-03-23;http://www.rad.cvm.gov.br/ENETCONSULTA/frmDownloadDocumento.aspx?CodigoInstituicao=1&NumeroSequencialDocumento=155593
51.218.147/0001-93;2025-12-31;1;IGUATEMI EMPRESA DE SHOPPING CENTERS S.A;020494;DFP;154862;2026-02-24;http://www.rad.cvm.gov.br/ENETCONSULTA/frmDownloadDocumento.aspx?CodigoInstituicao=1&NumeroSequencialDocumento=154862
51.430.503/0001-38;2025-12-31;1;PORTO SERVIÇO S.A;027600;DFP;154599;2026-02-05;http://www.rad.cvm.gov.br/ENETCONSULTA/frmDownloadDocumento.aspx?CodigoInstituicao=1&NumeroSequencialDocumento=154599
51.466.860/0001-56;2025-03-31;1;SAO MARTINHO S.A.;020516;DFP;149581;2025-06-23;http://www.rad.cvm.gov.br/ENETCONSULTA/frmDownloadDocumento.aspx?CodigoInstituicao=1&NumeroSequencialDocumento=149581
51.742.485/0001-20;2025-12-31;1;CONCESSIONÁRIA RODOVIAS DO CAFÉ SPE S.A.;027588;DFP;155589;2026-03-23;http://www.rad.cvm.gov.br/ENETCONSULTA/frmDownloadDocumento.aspx?CodigoInstituicao=1&NumeroSequencialDocumento=155589
51.742.485/0001-20;2025-12-31;2;CONCESSIONÁRIA RODOVIAS DO CAFÉ SPE S.A.;027588;DFP;155590;2026-03-23;http://www.rad.cvm.gov.br/ENETCONSULTA/frmDownloadDocumento.aspx?CodigoInstituicao=1&NumeroSequencialDocumento=155590
51.928.174/0001-50;2025-12-31;1;PLASCAR PARTICIPACOES INDUSTRIAIS S.A.;013471;DFP;155402;2026-03-17;http://www.rad.cvm.gov.br/ENETCONSULTA/frmDownloadDocumento.aspx?CodigoInstituicao=1&NumeroSequencialDocumento=155402
52.017.473/0001-03;2025-12-31;1;AZEVEDO & TRAVASSOS ENERGIA S.A.;027626;DFP;155963;2026-03-31;http://www.rad.cvm.gov.br/ENETCONSULTA/frmDownloadDocumento.aspx?CodigoInstituicao=1&NumeroSequencialDocumento=155963
52.270.350/0001-71;2025-12-31;1;B100 S.A.;027634;DFP;155942;2026-03-31;http://www.rad.cvm.gov.br/ENETCONSULTA/frmDownloadDocumento.aspx?CodigoInstituicao=1&NumeroSequencialDocumento=155942
52.270.350/0001-71;2025-12-31;2;B100 S.A.;027634;DFP;156095;2026-04-09;http://www.rad.cvm.gov.br/ENETCONSULTA/frmDownloadDocumento.aspx?CodigoInstituicao=1&NumeroSequencialDocumento=156095
52.270.350/0001-71;2025-12-31;3;B100 S.A.;027634;DFP;157042;2026-05-11;http://www.rad.cvm.gov.br/ENETCONSULTA/frmDownloadDocumento.aspx?CodigoInstituicao=1&NumeroSequencialDocumento=157042
52.475.549/0001-36;2025-12-31;1;R/HOLDINGS S.A.;027685;DFP;155943;2026-03-31;http://www.rad.cvm.gov.br/ENETCONSULTA/frmDownloadDocumento.aspx?CodigoInstituicao=1&NumeroSequencialDocumento=155943
52.548.435/0001-79;2025-12-31;1;JSL S.A.;022020;DFP;155651;2026-03-24;http://www.rad.cvm.gov.br/ENETCONSULTA/frmDownloadDocumento.aspx?CodigoInstituicao=1&NumeroSequencialDocumento=155651
52.805.925/0001-03;2025-12-31;1;BELORA RDVC CITY DESENVOLVIMENTO IMOBILIÁRIO S.A.;027570;DFP;157276;2026-05-13;http://www.rad.cvm.gov.br/ENETCONSULTA/frmDownloadDocumento.aspx?CodigoInstituicao=1&NumeroSequencialDocumento=157276
52.810.883/0001-07;2025-12-31;1;REVEE MCO S.A.;027561;DFP;155937;2026-03-31;http://www.rad.cvm.gov.br/ENETCONSULTA/frmDownloadDocumento.aspx?CodigoInstituicao=1&NumeroSequencialDocumento=155937
52.841.191/0001-18;2025-12-31;1;REVEE S.A.;027650;DFP;155949;2026-03-31;http://www.rad.cvm.gov.br/ENETCONSULTA/frmDownloadDocumento.aspx?CodigoInstituicao=1&NumeroSequencialDocumento=155949
52.841.191/0001-18;2025-12-31;2;REVEE S.A.;027650;DFP;156134;2026-04-10;http://www.rad.cvm.gov.br/ENETCONSULTA/frmDownloadDocumento.aspx?CodigoInstituicao=1&NumeroSequencialDocumento=156134
53.113.791/0001-22;2025-12-31;1;TOTVS S.A.;019992;DFP;154722;2026-02-11;http://www.rad.cvm.gov.br/ENETCONSULTA/frmDownloadDocumento.aspx?CodigoInstituicao=1&NumeroSequencialDocumento=154722
53.153.938/0001-08;2025-12-31;1;UNIÃO PET PARTICIPAÇÕES S.A.;027766;DFP;155746;2026-03-26;http://www.rad.cvm.gov.br/ENETCONSULTA/frmDownloadDocumento.aspx?CodigoInstituicao=1&NumeroSequencialDocumento=155746
55.231.969/0001-65;2025-12-31;1;EPR VIA MINEIRA S.A.;027863;DFP;155597;2026-03-23;http://www.rad.cvm.gov.br/ENETCONSULTA/frmDownloadDocumento.aspx?CodigoInstituicao=1&NumeroSequencialDocumento=155597
56.444.250/0001-75;2025-12-31;1;HAUSCENTER SA;014850;DFP;156312;2026-04-22;http://www.rad.cvm.gov.br/ENETCONSULTA/frmDownloadDocumento.aspx?CodigoInstituicao=1&NumeroSequencialDocumento=156312
56.643.018/0001-66;2025-12-31;1;EUCATEX S.A. INDUSTRIA E COMERCIO;005770;DFP;155362;2026-03-13;http://www.rad.cvm.gov.br/ENETCONSULTA/frmDownloadDocumento.aspx?CodigoInstituicao=1&NumeroSequencialDocumento=155362
56.720.428/0001-63;2025-12-31;1;ROMI S.A.;007510;DFP;154581;2026-02-03;http://www.rad.cvm.gov.br/ENETCONSULTA/frmDownloadDocumento.aspx?CodigoInstituicao=1&NumeroSequencialDocumento=154581
56.720.428/0001-63;2025-12-31;2;ROMI S.A.;007510;DFP;154585;2026-02-04;http://www.rad.cvm.gov.br/ENETCONSULTA/frmDownloadDocumento.aspx?CodigoInstituicao=1&NumeroSequencialDocumento=154585
56.992.423/0001-90;2025-12-31;1;BICICLETAS MONARK S.A.;001694;DFP;155759;2026-03-27;http://www.rad.cvm.gov.br/ENETCONSULTA/frmDownloadDocumento.aspx?CodigoInstituicao=1&NumeroSequencialDocumento=155759
58.056.046/0001-02;2025-12-31;1;EPR IGUAÇU S.A.;027928;DFP;155596;2026-03-23;http://www.rad.cvm.gov.br/ENETCONSULTA/frmDownloadDocumento.aspx?CodigoInstituicao=1&NumeroSequencialDocumento=155596
58.070.452/0001-20;2025-12-31;1;IGUÁ SERGIPE S.A.;027812;DFP;155707;2026-03-25;http://www.rad.cvm.gov.br/ENETCONSULTA/frmDownloadDocumento.aspx?CodigoInstituicao=1&NumeroSequencialDocumento=155707
58.119.199/0001-51;2025-12-31;1;BRADSAÚDE S.A.;020125;DFP;154958;2026-02-27;http://www.rad.cvm.gov.br/ENETCONSULTA/frmDownloadDocumento.aspx?CodigoInstituicao=1&NumeroSequencialDocumento=154958
58.430.828/0001-60;2025-12-31;1;BLAU FARMACÊUTICA S.A.;024627;DFP;155446;2026-03-17;http://www.rad.cvm.gov.br/ENETCONSULTA/frmDownloadDocumento.aspx?CodigoInstituicao=1&NumeroSequencialDocumento=155446
58.430.828/0001-60;2025-12-31;2;BLAU FARMACÊUTICA S.A.;024627;DFP;157378;2026-05-14;http://www.rad.cvm.gov.br/ENETCONSULTA/frmDownloadDocumento.aspx?CodigoInstituicao=1&NumeroSequencialDocumento=157378
59.105.999/0001-86;2025-12-31;1;WHIRLPOOL S.A.;014346;DFP;155763;2026-03-27;http://www.rad.cvm.gov.br/ENETCONSULTA/frmDownloadDocumento.aspx?CodigoInstituicao=1&NumeroSequencialDocumento=155763
59.115.685/0001-64;2025-12-31;1;TUPI ENERGIAS RENOVÁVEIS S.A.;027944;DFP;155168;2026-03-09;http://www.rad.cvm.gov.br/ENETCONSULTA/frmDownloadDocumento.aspx?CodigoInstituicao=1&NumeroSequencialDocumento=155168
59.115.685/0001-64;2025-12-31;2;TUPI ENERGIAS RENOVÁVEIS S.A.;027944;DFP;155772;2026-03-27;http://www.rad.cvm.gov.br/ENETCONSULTA/frmDownloadDocumento.aspx?CodigoInstituicao=1&NumeroSequencialDocumento=155772
59.196.897/0001-13;2025-12-31;1;CONCESSIONÁRIA DE RODOVIAS PRVIAS S.A.;027898;DFP;155091;2026-03-05;http://www.rad.cvm.gov.br/ENETCONSULTA/frmDownloadDocumento.aspx?CodigoInstituicao=1&NumeroSequencialDocumento=155091
59.418.806/0001-47;2025-12-31;1;TRACK & FIELD CO S.A.;025208;DFP;155199;2026-03-09;http://www.rad.cvm.gov.br/ENETCONSULTA/frmDownloadDocumento.aspx?CodigoInstituicao=1&NumeroSequencialDocumento=155199
59.546.515/0001-34;2025-12-31;1;FISIA COMÉRCIO DE PRODUTOS ESPORTIVOS S.A.;027529;DFP;155195;2026-03-09;http://www.rad.cvm.gov.br/ENETCONSULTA/frmDownloadDocumento.aspx?CodigoInstituicao=1&NumeroSequencialDocumento=155195
59.693.110/0001-29;2025-12-31;1;ORANJEBTC S.A. - EDUCAÇÃO E INVESTIMENTO;027910;DFP;155642;2026-03-24;http://www.rad.cvm.gov.br/ENETCONSULTA/frmDownloadDocumento.aspx?CodigoInstituicao=1&NumeroSequencialDocumento=155642
59.717.553/0001-02;2025-12-31;1;GRUPO MULTILASER S.A.;026034;DFP;155705;2026-03-25;http://www.rad.cvm.gov.br/ENETCONSULTA/frmDownloadDocumento.aspx?CodigoInstituicao=1&NumeroSequencialDocumento=155705
59.789.545/0001-71;2025-12-31;1;POLPAR S.A.;013447;DFP;155465;2026-03-18;http://www.rad.cvm.gov.br/ENETCONSULTA/frmDownloadDocumento.aspx?CodigoInstituicao=1&NumeroSequencialDocumento=155465
59.981.829/0001-65;2025-12-31;1;RODOBENS SA;025801;DFP;155796;2026-03-27;http://www.rad.cvm.gov.br/ENETCONSULTA/frmDownloadDocumento.aspx?CodigoInstituicao=1&NumeroSequencialDocumento=155796
60.398.369/0004-79;2025-12-31;1;PARANAPANEMA S.A. - EM RECUPERAÇÃO JUDICIAL;009393;DFP;155834;2026-03-30;http://www.rad.cvm.gov.br/ENETCONSULTA/frmDownloadDocumento.aspx?CodigoInstituicao=1&NumeroSequencialDocumento=155834
60.444.437/0001-46;2025-12-31;1;LIGHT SERVICOS DE ELETRICIDADE S.A.;008036;DFP;155562;2026-03-20;http://www.rad.cvm.gov.br/ENETCONSULTA/frmDownloadDocumento.aspx?CodigoInstituicao=1&NumeroSequencialDocumento=155562
60.476.884/0001-87;2025-12-31;1;MAHLE METAL LEVE S.A.;008575;DFP;155377;2026-03-16;http://www.rad.cvm.gov.br/ENETCONSULTA/frmDownloadDocumento.aspx?CodigoInstituicao=1&NumeroSequencialDocumento=155377
60.537.263/0001-66;2025-12-31;1;ALLPARK EMPREENDIMENTOS, PARTICIPAÇÕES E SERVIÇOS S.A.;024953;DFP;155071;2026-03-04;http://www.rad.cvm.gov.br/ENETCONSULTA/frmDownloadDocumento.aspx?CodigoInstituicao=1&NumeroSequencialDocumento=155071
60.543.816/0001-93;2025-12-31;1;IGUATEMI S.A.;008672;DFP;154860;2026-02-24;http://www.rad.cvm.gov.br/ENETCONSULTA/frmDownloadDocumento.aspx?CodigoInstituicao=1&NumeroSequencialDocumento=154860
60.651.809/0001-05;2025-12-31;1;SUZANO HOLDING S.A.;009067;DFP;155470;2026-03-18;http://www.rad.cvm.gov.br/ENETCONSULTA/frmDownloadDocumento.aspx?CodigoInstituicao=1&NumeroSequencialDocumento=155470
60.665.981/0001-18;2025-12-31;1;UNIÃO QUÍMICA FARMACÊUTICA NACIONAL S.A.;026867;DFP;155813;2026-03-29;http://www.rad.cvm.gov.br/ENETCONSULTA/frmDownloadDocumento.aspx?CodigoInstituicao=1&NumeroSequencialDocumento=155813
60.730.348/0001-66;2025-12-31;1;CIA MELHORAMENTOS DE SAO PAULO;003654;DFP;155547;2026-03-20;http://www.rad.cvm.gov.br/ENETCONSULTA/frmDownloadDocumento.aspx?CodigoInstituicao=1&NumeroSequencialDocumento=155547
60.746.948/0001-12;2025-12-31;1;BCO BRADESCO S.A.;000906;DFP;154611;2026-02-05;http://www.rad.cvm.gov.br/ENETCONSULTA/frmDownloadDocumento.aspx?CodigoInstituicao=1&NumeroSequencialDocumento=154611
60.746.948/0001-12;2025-12-31;2;BCO BRADESCO S.A.;000906;DFP;155703;2026-03-25;http://www.rad.cvm.gov.br/ENETCONSULTA/frmDownloadDocumento.aspx?CodigoInstituicao=1&NumeroSequencialDocumento=155703
60.840.055/0001-31;2025-12-31;1;FLEURY S.A.;021881;DFP;155089;2026-03-05;http://www.rad.cvm.gov.br/ENETCONSULTA/frmDownloadDocumento.aspx?CodigoInstituicao=1&NumeroSequencialDocumento=155089
60.851.615/0001-53;2025-12-31;1;BARDELLA S.A. INDUSTRIAS MECANICAS EM RECUPERAÇÃO JUDICIAL;001520;DFP;155860;2026-03-30;http://www.rad.cvm.gov.br/ENETCONSULTA/frmDownloadDocumento.aspx?CodigoInstituicao=1&NumeroSequencialDocumento=155860
60.872.504/0001-23;2025-12-31;1;ITAU UNIBANCO HOLDING S.A.;019348;DFP;154591;2026-02-04;http://www.rad.cvm.gov.br/ENETCONSULTA/frmDownloadDocumento.aspx?CodigoInstituicao=1&NumeroSequencialDocumento=154591
60.872.504/0001-23;2025-12-31;2;ITAU UNIBANCO HOLDING S.A.;019348;DFP;154741;2026-02-12;http://www.rad.cvm.gov.br/ENETCONSULTA/frmDownloadDocumento.aspx?CodigoInstituicao=1&NumeroSequencialDocumento=154741
60.884.319/0001-59;2025-12-31;1;NORDON INDUSTRIAS METALURGICAS S.A.;009083;DFP;155910;2026-03-31;http://www.rad.cvm.gov.br/ENETCONSULTA/frmDownloadDocumento.aspx?CodigoInstituicao=1&NumeroSequencialDocumento=155910
60.894.730/0001-05;2025-12-31;1;USINAS SID DE MINAS GERAIS S.A.-USIMINAS;014320;DFP;154757;2026-02-13;http://www.rad.cvm.gov.br/ENETCONSULTA/frmDownloadDocumento.aspx?CodigoInstituicao=1&NumeroSequencialDocumento=154757
60.933.603/0001-78;2025-12-31;1;CESP - CIA ENERGETICA DE SAO PAULO;002577;DFP;155041;2026-03-03;http://www.rad.cvm.gov.br/ENETCONSULTA/frmDownloadDocumento.aspx?CodigoInstituicao=1&NumeroSequencialDocumento=155041
61.022.042/0001-18;2025-12-31;1;CONSTRUTORA ADOLPHO LINDENBERG S.A.;004723;DFP;155286;2026-03-11;http://www.rad.cvm.gov.br/ENETCONSULTA/frmDownloadDocumento.aspx?CodigoInstituicao=1&NumeroSequencialDocumento=155286
61.065.298/0001-02;2025-12-31;1;MANGELS INDUSTRIAL S.A.;008397;DFP;155850;2026-03-30;http://www.rad.cvm.gov.br/ENETCONSULTA/frmDownloadDocumento.aspx?CodigoInstituicao=1&NumeroSequencialDocumento=155850
61.065.751/0001-80;2025-12-31;1;ROSSI RESIDENCIAL S.A. - EM RECUPERAÇÃO JUDICIAL;016306;DFP;160970;2026-08-18;http://www.rad.cvm.gov.br/ENETCONSULTA/frmDownloadDocumento.aspx?CodigoInstituicao=1&NumeroSequencialDocumento=160970
61.067.901/0001-95;2025-12-31;1;ÁGUAS DO PARÁ A SPE S.A;027979;DFP;156265;2026-04-16;http://www.rad.cvm.gov.br/ENETCONSULTA/frmDownloadDocumento.aspx?CodigoInstituicao=1&NumeroSequencialDocumento=156265
61.067.902/0001-30;2025-12-31;1;ÁGUAS DO PARÁ B SPE S.A.;027960;DFP;156264;2026-04-16;http://www.rad.cvm.gov.br/ENETCONSULTA/frmDownloadDocumento.aspx?CodigoInstituicao=1&NumeroSequencialDocumento=156264
61.067.904/0001-29;2025-12-31;1;ÁGUAS DO PARÁ D SPE S.A.;027987;DFP;156262;2026-04-16;http://www.rad.cvm.gov.br/ENETCONSULTA/frmDownloadDocumento.aspx?CodigoInstituicao=1&NumeroSequencialDocumento=156262
61.079.117/0001-05;2025-12-31;1;ALPARGATAS S.A.;010456;DFP;155116;2026-03-05;http://www.rad.cvm.gov.br/ENETCONSULTA/frmDownloadDocumento.aspx?CodigoInstituicao=1&NumeroSequencialDocumento=155116
61.080.313/0001-91;2025-12-31;1;COBRASMA S.A.;004448;DFP;155957;2026-03-31;http://www.rad.cvm.gov.br/ENETCONSULTA/frmDownloadDocumento.aspx?CodigoInstituicao=1&NumeroSequencialDocumento=155957
61.082.004/0001-50;2025-12-31;1;MANUFATURA DE BRINQUEDOS ESTRELA S.A.;008427;DFP;159207;2026-06-24;http://www.rad.cvm.gov.br/ENETCONSULTA/frmDownloadDocumento.aspx?CodigoInstituicao=1&NumeroSequencialDocumento=159207
61.088.894/0001-08;2025-12-31;1;CAMBUCI S.A.;002100;DFP;155323;2026-03-12;http://www.rad.cvm.gov.br/ENETCONSULTA/frmDownloadDocumento.aspx?CodigoInstituicao=1&NumeroSequencialDocumento=155323
61.092.037/0001-81;2025-12-31;1;ETERNIT S.A.;005762;DFP;155653;2026-03-24;http://www.rad.cvm.gov.br/ENETCONSULTA/frmDownloadDocumento.aspx?CodigoInstituicao=1&NumeroSequencialDocumento=155653
61.092.037/0001-81;2025-12-31;2;ETERNIT S.A.;005762;DFP;155679;2026-03-25;http://www.rad.cvm.gov.br/ENETCONSULTA/frmDownloadDocumento.aspx?CodigoInstituicao=1&NumeroSequencialDocumento=155679
61.092.037/0001-81;2025-12-31;3;ETERNIT S.A.;005762;DFP;155704;2026-03-25;http://www.rad.cvm.gov.br/ENETCONSULTA/frmDownloadDocumento.aspx?CodigoInstituicao=1&NumeroSequencialDocumento=155704
61.156.113/0001-75;2025-12-31;1;IOCHPE MAXION S.A.;011932;DFP;154907;2026-02-25;http://www.rad.cvm.gov.br/ENETCONSULTA/frmDownloadDocumento.aspx?CodigoInstituicao=1&NumeroSequencialDocumento=154907
61.156.931/0001-78;2025-12-31;1;ALIPERTI S.A.;012823;DFP;155680;2026-03-25;http://www.rad.cvm.gov.br/ENETCONSULTA/frmDownloadDocumento.aspx?CodigoInstituicao=1&NumeroSequencialDocumento=155680
61.186.680/0001-74;2025-12-31;1;BANCO BMG S/A;024600;DFP;154932;2026-02-26;http://www.rad.cvm.gov.br/ENETCONSULTA/frmDownloadDocumento.aspx?CodigoInstituicao=1&NumeroSequencialDocumento=154932
61.189.288/0001-89;2025-12-31;1;MARISA LOJAS S.A.;022055;DFP;155950;2026-03-31;http://www.rad.cvm.gov.br/ENETCONSULTA/frmDownloadDocumento.aspx?CodigoInstituicao=1&NumeroSequencialDocumento=155950
61.190.096/0001-92;2025-12-31;1;EUROFARMA LABORATÓRIOS S.A.;026700;DFP;155713;2026-03-26;http://www.rad.cvm.gov.br/ENETCONSULTA/frmDownloadDocumento.aspx?CodigoInstituicao=1&NumeroSequencialDocumento=155713
61.351.532/0001-68;2025-12-31;1;AZEVEDO E TRAVASSOS S.A.;011975;DFP;155955;2026-03-31;http://www.rad.cvm.gov.br/ENETCONSULTA/frmDownloadDocumento.aspx?CodigoInstituicao=1&NumeroSequencialDocumento=155955
61.374.161/0001-30;2025-12-31;1;BAUMER S.A.;001562;DFP;155939;2026-03-31;http://www.rad.cvm.gov.br/ENETCONSULTA/frmDownloadDocumento.aspx?CodigoInstituicao=1&NumeroSequencialDocumento=155939
61.409.892/0001-73;2025-12-31;1;COMPANHIA BRASILEIRA DE ALUMÍNIO;025984;DFP;155063;2026-03-04;http://www.rad.cvm.gov.br/ENETCONSULTA/frmDownloadDocumento.aspx?CodigoInstituicao=1&NumeroSequencialDocumento=155063
61.486.650/0001-83;2025-12-31;1;DIAGNOSTICOS DA AMERICA S.A.;019623;DFP;155752;2026-03-26;http://www.rad.cvm.gov.br/ENETCONSULTA/frmDownloadDocumento.aspx?CodigoInstituicao=1&NumeroSequencialDocumento=155752
61.532.644/0001-15;2025-12-31;1;ITAÚSA S.A.;007617;DFP;155399;2026-03-16;http://www.rad.cvm.gov.br/ENETCONSULTA/frmDownloadDocumento.aspx?CodigoInstituicao=1&NumeroSequencialDocumento=155399
61.584.140/0001-49;2025-12-31;1;REDE ENERGIA PARTICIPAÇÕES S.A.;003190;DFP;155330;2026-03-12;http://www.rad.cvm.gov.br/ENETCONSULTA/frmDownloadDocumento.aspx?CodigoInstituicao=1&NumeroSequencialDocumento=155330
61.585.865/0001-51;2025-12-31;1;RAIA DROGASIL S.A.;005258;DFP;155035;2026-03-03;http://www.rad.cvm.gov.br/ENETCONSULTA/frmDownloadDocumento.aspx?CodigoInstituicao=1&NumeroSequencialDocumento=155035
61.695.227/0001-93;2025-12-31;1;ELETROPAULO METROP. ELET. SAO PAULO S.A.;014176;DFP;154861;2026-02-24;http://www.rad.cvm.gov.br/ENETCONSULTA/frmDownloadDocumento.aspx?CodigoInstituicao=1&NumeroSequencialDocumento=154861
61.856.571/0001-17;2025-12-31;1;CIA GAS DE SAO PAULO - COMGAS;015636;DFP;155069;2026-03-04;http://www.rad.cvm.gov.br/ENETCONSULTA/frmDownloadDocumento.aspx?CodigoInstituicao=1&NumeroSequencialDocumento=155069
62.002.886/0001-60;2025-12-31;1;SAO PAULO TURISMO S.A.;009415;DFP;155795;2026-03-27;http://www.rad.cvm.gov.br/ENETCONSULTA/frmDownloadDocumento.aspx?CodigoInstituicao=1&NumeroSequencialDocumento=155795
62.070.362/0001-06;2025-12-31;1;COMPANHIA DO METROPOLITANO DE SÃO PAULO - METRÔ;027065;DFP;155488;2026-03-19;http://www.rad.cvm.gov.br/ENETCONSULTA/frmDownloadDocumento.aspx?CodigoInstituicao=1&NumeroSequencialDocumento=155488
62.144.175/0001-20;2025-12-31;1;BCO PINE S.A;020567;DFP;154785;2026-02-18;http://www.rad.cvm.gov.br/ENETCONSULTA/frmDownloadDocumento.aspx?CodigoInstituicao=1&NumeroSequencialDocumento=154785
62.144.175/0001-20;2025-12-31;2;BCO PINE S.A;020567;DFP;154814;2026-02-20;http://www.rad.cvm.gov.br/ENETCONSULTA/frmDownloadDocumento.aspx?CodigoInstituicao=1&NumeroSequencialDocumento=154814
62.144.175/0001-20;2025-12-31;3;BCO PINE S.A;020567;DFP;155965;2026-03-31;http://www.rad.cvm.gov.br/ENETCONSULTA/frmDownloadDocumento.aspx?CodigoInstituicao=1&NumeroSequencialDocumento=155965
62.232.889/0001-90;2025-12-31;1;BCO DAYCOVAL S.A.;020796;DFP;154681;2026-02-10;http://www.rad.cvm.gov.br/ENETCONSULTA/frmDownloadDocumento.aspx?CodigoInstituicao=1&NumeroSequencialDocumento=154681
62.232.889/0001-90;2025-12-31;2;BCO DAYCOVAL S.A.;020796;DFP;155523;2026-03-20;http://www.rad.cvm.gov.br/ENETCONSULTA/frmDownloadDocumento.aspx?CodigoInstituicao=1&NumeroSequencialDocumento=155523
62.258.884/0001-36;2025-12-31;1;INTERCEMENT BRASIL S.A. - EM RECUPERAÇÃO JUDICIAL;025992;DFP;155396;2026-03-16;http://www.rad.cvm.gov.br/ENETCONSULTA/frmDownloadDocumento.aspx?CodigoInstituicao=1&NumeroSequencialDocumento=155396
62.307.848/0001-15;2025-12-31;1;BANCO RCI BRASIL S.A.;021466;DFP;155398;2026-03-16;http://www.rad.cvm.gov.br/ENETCONSULTA/frmDownloadDocumento.aspx?CodigoInstituicao=1&NumeroSequencialDocumento=155398
62.984.091/0001-02;2025-12-31;1;CRUZEIRO DO SUL EDUCACIONAL S.A.;025526;DFP;155694;2026-03-25;http://www.rad.cvm.gov.br/ENETCONSULTA/frmDownloadDocumento.aspx?CodigoInstituicao=1&NumeroSequencialDocumento=155694
64.904.295/0001-03;2025-02-28;1;CAMIL ALIMENTOS S.A.;024228;DFP;147180;2025-05-08;http://www.rad.cvm.gov.br/ENETCONSULTA/frmDownloadDocumento.aspx?CodigoInstituicao=1&NumeroSequencialDocumento=147180
65.654.303/0001-73;2025-12-31;1;DIBENS LEASING S.A. - ARREND.MERCANTIL;014214;DFP;154627;2026-02-06;http://www.rad.cvm.gov.br/ENETCONSULTA/frmDownloadDocumento.aspx?CodigoInstituicao=1&NumeroSequencialDocumento=154627
67.010.660/0001-24;2025-12-31;1;RNI NEGÓCIOS IMOBILIÁRIOS S.A.;020451;DFP;155472;2026-03-18;http://www.rad.cvm.gov.br/ENETCONSULTA/frmDownloadDocumento.aspx?CodigoInstituicao=1&NumeroSequencialDocumento=155472
67.571.414/0001-41;2025-12-31;1;VIVER INCORPORADORA E CONSTRUTORA S.A.;020702;DFP;155865;2026-03-30;http://www.rad.cvm.gov.br/ENETCONSULTA/frmDownloadDocumento.aspx?CodigoInstituicao=1&NumeroSequencialDocumento=155865
67.571.414/0001-41;2025-12-31;2;VIVER INCORPORADORA E CONSTRUTORA S.A.;020702;DFP;155982;2026-04-01;http://www.rad.cvm.gov.br/ENETCONSULTA/frmDownloadDocumento.aspx?CodigoInstituicao=1&NumeroSequencialDocumento=155982
67.571.414/0001-41;2025-12-31;3;VIVER INCORPORADORA E CONSTRUTORA S.A.;020702;DFP;156045;2026-04-06;http://www.rad.cvm.gov.br/ENETCONSULTA/frmDownloadDocumento.aspx?CodigoInstituicao=1&NumeroSequencialDocumento=156045
67.620.377/0001-14;2025-12-31;1;MINERVA S.A.;020931;DFP;155476;2026-03-18;http://www.rad.cvm.gov.br/ENETCONSULTA/frmDownloadDocumento.aspx?CodigoInstituicao=1&NumeroSequencialDocumento=155476
71.208.516/0001-74;2025-12-31;1;ALGAR TELECOM S/A;021032;DFP;155338;2026-03-12;http://www.rad.cvm.gov.br/ENETCONSULTA/frmDownloadDocumento.aspx?CodigoInstituicao=1&NumeroSequencialDocumento=155338
71.476.527/0001-35;2025-12-31;1;CONSTRUTORA TENDA S.A.;021148;DFP;155118;2026-03-05;http://www.rad.cvm.gov.br/ENETCONSULTA/frmDownloadDocumento.aspx?CodigoInstituicao=1&NumeroSequencialDocumento=155118
71.673.990/0001-77;2025-12-31;1;NATURA COSMÉTICOS S.A.;019550;DFP;155385;2026-03-16;http://www.rad.cvm.gov.br/ENETCONSULTA/frmDownloadDocumento.aspx?CodigoInstituicao=1&NumeroSequencialDocumento=155385
73.178.600/0001-18;2025-12-31;1;CYRELA BRAZIL REALTY S.A.EMPREEND E PART;014460;DFP;155491;2026-03-19;http://www.rad.cvm.gov.br/ENETCONSULTA/frmDownloadDocumento.aspx?CodigoInstituicao=1&NumeroSequencialDocumento=155491
73.903.718/0001-61;2025-12-31;1;SNB PARTICIPACOES SA;014303;DFP;155779;2026-03-27;http://www.rad.cvm.gov.br/ENETCONSULTA/frmDownloadDocumento.aspx?CodigoInstituicao=1&NumeroSequencialDocumento=155779
75.609.123/0001-23;2025-12-31;1;UNIDAS LOCAÇÕES E SERVIÇOS S.A.;023280;DFP;155482;2026-03-18;http://www.rad.cvm.gov.br/ENETCONSULTA/frmDownloadDocumento.aspx?CodigoInstituicao=1&NumeroSequencialDocumento=155482
76.483.817/0001-20;2025-12-31;1;CIA PARANAENSE DE ENERGIA - COPEL;014311;DFP;154946;2026-02-26;http://www.rad.cvm.gov.br/ENETCONSULTA/frmDownloadDocumento.aspx?CodigoInstituicao=1&NumeroSequencialDocumento=154946
76.484.013/0001-45;2025-12-31;1;CIA SANEAMENTO DO PARANA - SANEPAR;018627;DFP;154938;2026-02-26;http://www.rad.cvm.gov.br/ENETCONSULTA/frmDownloadDocumento.aspx?CodigoInstituicao=1&NumeroSequencialDocumento=154938
76.627.504/0001-06;2025-12-31;1;INEPAR S.A. INDUSTRIA E CONSTRUCOES EM RECUPERACAO JUDICIAL;007595;DFP;156100;2026-04-09;http://www.rad.cvm.gov.br/ENETCONSULTA/frmDownloadDocumento.aspx?CodigoInstituicao=1&NumeroSequencialDocumento=156100
79.430.682/0001-22;2025-12-31;1;FARMÁCIA E DROGARIA NISSEI S.A.;025429;DFP;155506;2026-03-19;http://www.rad.cvm.gov.br/ENETCONSULTA/frmDownloadDocumento.aspx?CodigoInstituicao=1&NumeroSequencialDocumento=155506
80.680.093/0001-81;2025-12-31;1;SENIOR SISTEMAS S.A.;026786;DFP;154858;2026-02-24;http://www.rad.cvm.gov.br/ENETCONSULTA/frmDownloadDocumento.aspx?CodigoInstituicao=1&NumeroSequencialDocumento=154858
81.243.735/0001-48;2025-12-31;1;POSITIVO TECNOLOGIA S.A.;020362;DFP;155484;2026-03-19;http://www.rad.cvm.gov.br/ENETCONSULTA/frmDownloadDocumento.aspx?CodigoInstituicao=1&NumeroSequencialDocumento=155484
81.616.807/0001-55;2025-12-31;1;GRANJA FARIA S.A.;027219;DFP;155862;2026-03-30;http://www.rad.cvm.gov.br/ENETCONSULTA/frmDownloadDocumento.aspx?CodigoInstituicao=1&NumeroSequencialDocumento=155862
82.120.676/0001-83;2025-12-31;1;ALMEIDA JUNIOR SHOPPING CENTERS S.A.;026395;DFP;155890;2026-03-31;http://www.rad.cvm.gov.br/ENETCONSULTA/frmDownloadDocumento.aspx?CodigoInstituicao=1&NumeroSequencialDocumento=155890
82.508.433/0001-17;2025-12-31;1;CIA CATARINENSE DE AGUAS E SANEAM.-CASAN;016861;DFP;155625;2026-03-24;http://www.rad.cvm.gov.br/ENETCONSULTA/frmDownloadDocumento.aspx?CodigoInstituicao=1&NumeroSequencialDocumento=155625
82.508.433/0001-17;2025-12-31;2;CIA CATARINENSE DE AGUAS E SANEAM.-CASAN;016861;DFP;157963;2026-05-26;http://www.rad.cvm.gov.br/ENETCONSULTA/frmDownloadDocumento.aspx?CodigoInstituicao=1&NumeroSequencialDocumento=157963
82.636.986/0001-55;2025-12-31;1;TEKA-TECELAGEM KUEHNRICH S.A. - EM RECUPERAÇÃO JUDICIAL;011223;DFP;161402;2026-09-21;http://www.rad.cvm.gov.br/ENETCONSULTA/frmDownloadDocumento.aspx?CodigoInstituicao=1&NumeroSequencialDocumento=161402
82.636.986/0001-55;2025-12-31;2;TEKA-TECELAGEM KUEHNRICH S.A. - EM RECUPERAÇÃO JUDICIAL;011223;DFP;161413;2026-09-22;http://www.rad.cvm.gov.br/ENETCONSULTA/frmDownloadDocumento.aspx?CodigoInstituicao=1&NumeroSequencialDocumento=161413
82.640.558/0001-04;2025-12-31;1;KARSTEN S.A.;004146;DFP;155758;2026-03-27;http://www.rad.cvm.gov.br/ENETCONSULTA/frmDownloadDocumento.aspx?CodigoInstituicao=1&NumeroSequencialDocumento=155758
82.643.537/0001-34;2025-12-31;1;ELECTRO ACO ALTONA S.A.;005380;DFP;155764;2026-03-27;http://www.rad.cvm.gov.br/ENETCONSULTA/frmDownloadDocumento.aspx?CodigoInstituicao=1&NumeroSequencialDocumento=155764
82.901.000/0001-27;2025-12-31;1;INTELBRAS S.A. IND. DE TELECOMUNICAÇÃO ELETRÔNICA BRASILEIRA;025453;DFP;154903;2026-02-25;http://www.rad.cvm.gov.br/ENETCONSULTA/frmDownloadDocumento.aspx?CodigoInstituicao=1&NumeroSequencialDocumento=154903
82.981.929/0001-03;2025-12-31;1;CIA INDUSTRIAL SCHLOSSER S.A.;003549;DFP;154621;2026-02-06;http://www.rad.cvm.gov.br/ENETCONSULTA/frmDownloadDocumento.aspx?CodigoInstituicao=1&NumeroSequencialDocumento=154621
82.982.075/0001-80;2025-12-31;1;TEXTIL RENAUXVIEW S.A.;007544;DFP;155819;2026-03-30;http://www.rad.cvm.gov.br/ENETCONSULTA/frmDownloadDocumento.aspx?CodigoInstituicao=1&NumeroSequencialDocumento=155819
83.475.913/0001-91;2025-12-31;1;PBG S/A;013773;DFP;155855;2026-03-30;http://www.rad.cvm.gov.br/ENETCONSULTA/frmDownloadDocumento.aspx?CodigoInstituicao=1&NumeroSequencialDocumento=155855
83.878.892/0001-55;2025-12-31;1;CENTRAIS ELET DE SANTA CATARINA S.A.;002461;DFP;155548;2026-03-20;http://www.rad.cvm.gov.br/ENETCONSULTA/frmDownloadDocumento.aspx?CodigoInstituicao=1&NumeroSequencialDocumento=155548
84.429.695/0001-11;2025-12-31;1;WEG S.A.;005410;DFP;154872;2026-02-25;http://www.rad.cvm.gov.br/ENETCONSULTA/frmDownloadDocumento.aspx?CodigoInstituicao=1&NumeroSequencialDocumento=154872
84.683.374/0001-49;2025-12-31;1;TUPY S.A.;006343;DFP;155493;2026-03-19;http://www.rad.cvm.gov.br/ENETCONSULTA/frmDownloadDocumento.aspx?CodigoInstituicao=1&NumeroSequencialDocumento=155493
84.683.408/0001-03;2025-12-31;1;DOHLER S.A.;005207;DFP;155660;2026-03-25;http://www.rad.cvm.gov.br/ENETCONSULTA/frmDownloadDocumento.aspx?CodigoInstituicao=1&NumeroSequencialDocumento=155660
84.683.671/0001-94;2025-12-31;1;WETZEL S.A.;011991;DFP;155762;2026-03-27;http://www.rad.cvm.gov.br/ENETCONSULTA/frmDownloadDocumento.aspx?CodigoInstituicao=1&NumeroSequencialDocumento=155762
84.684.455/0001-63;2025-12-31;1;TIGRE S.A. PARTICIPAÇÕES;026255;DFP;155594;2026-03-23;http://www.rad.cvm.gov.br/ENETCONSULTA/frmDownloadDocumento.aspx?CodigoInstituicao=1&NumeroSequencialDocumento=155594
84.693.183/0001-68;2025-12-31;1;SCHULZ S.A.;014664;DFP;155500;2026-03-19;http://www.rad.cvm.gov.br/ENETCONSULTA/frmDownloadDocumento.aspx?CodigoInstituicao=1&NumeroSequencialDocumento=155500
85.778.074/0001-06;2025-12-31;1;METALURGICA RIOSULENSE S.A.;013439;DFP;155874;2026-03-31;http://www.rad.cvm.gov.br/ENETCONSULTA/frmDownloadDocumento.aspx?CodigoInstituicao=1&NumeroSequencialDocumento=155874
86.375.425/0001-09;2025-12-31;1;METISA METALURGICA TIMBOENSE S.A.;008753;DFP;155519;2026-03-20;http://www.rad.cvm.gov.br/ENETCONSULTA/frmDownloadDocumento.aspx?CodigoInstituicao=1&NumeroSequencialDocumento=155519
87.043.832/0001-73;2025-12-31;1;SEIVA S.A. - FLORESTAS E INDÚSTRIAS;010561;DFP;154831;2026-02-23;http://www.rad.cvm.gov.br/ENETCONSULTA/frmDownloadDocumento.aspx?CodigoInstituicao=1&NumeroSequencialDocumento=154831
87.456.562/0001-22;2025-12-31;1;JOSAPAR-JOAQUIM OLIVEIRA S.A. - PARTICIP;013285;DFP;155613;2026-03-24;http://www.rad.cvm.gov.br/ENETCONSULTA/frmDownloadDocumento.aspx?CodigoInstituicao=1&NumeroSequencialDocumento=155613
87.762.563/0001-03;2025-12-31;1;CIA HABITASUL DE PARTICIPACOES;003298;DFP;155601;2026-03-23;http://www.rad.cvm.gov.br/ENETCONSULTA/frmDownloadDocumento.aspx?CodigoInstituicao=1&NumeroSequencialDocumento=155601
87.870.952/0001-44;2025-12-31;1;BORRACHAS VIPAL S.A.;026980;DFP;154857;2026-02-24;http://www.rad.cvm.gov.br/ENETCONSULTA/frmDownloadDocumento.aspx?CodigoInstituicao=1&NumeroSequencialDocumento=154857
88.610.126/0001-29;2025-12-31;1;FRASLE MOBILITY S.A.;006211;DFP;155265;2026-03-11;http://www.rad.cvm.gov.br/ENETCONSULTA/frmDownloadDocumento.aspx?CodigoInstituicao=1&NumeroSequencialDocumento=155265
88.610.191/0001-54;2025-12-31;1;MUNDIAL S.A. - PRODUTOS DE CONSUMO;005312;DFP;155555;2026-03-20;http://www.rad.cvm.gov.br/ENETCONSULTA/frmDownloadDocumento.aspx?CodigoInstituicao=1&NumeroSequencialDocumento=155555
88.611.835/0001-29;2025-12-31;1;MARCOPOLO S.A.;008451;DFP;154922;2026-02-26;http://www.rad.cvm.gov.br/ENETCONSULTA/frmDownloadDocumento.aspx?CodigoInstituicao=1&NumeroSequencialDocumento=154922
88.613.658/0001-10;2025-06-30;1;PETTENATI S.A. INDUSTRIA TEXTIL;009539;DFP;152019;2025-09-25;http://www.rad.cvm.gov.br/ENETCONSULTA/frmDownloadDocumento.aspx?CodigoInstituicao=1&NumeroSequencialDocumento=152019
89.086.144/0001-16;2025-12-31;1;RANDONCORP S.A.;014109;DFP;155317;2026-03-12;http://www.rad.cvm.gov.br/ENETCONSULTA/frmDownloadDocumento.aspx?CodigoInstituicao=1&NumeroSequencialDocumento=155317
89.096.457/0001-55;2025-12-31;1;SLC AGRICOLA S.A.;020745;DFP;155268;2026-03-11;http://www.rad.cvm.gov.br/ENETCONSULTA/frmDownloadDocumento.aspx?CodigoInstituicao=1&NumeroSequencialDocumento=155268
89.463.822/0001-12;2025-12-31;1;LUPATECH S.A;020060;DFP;156474;2026-04-29;http://www.rad.cvm.gov.br/ENETCONSULTA/frmDownloadDocumento.aspx?CodigoInstituicao=1&NumeroSequencialDocumento=156474
89.637.490/0001-45;2025-12-31;1;KLABIN S.A.;012653;DFP;154693;2026-02-11;http://www.rad.cvm.gov.br/ENETCONSULTA/frmDownloadDocumento.aspx?CodigoInstituicao=1&NumeroSequencialDocumento=154693
89.723.993/0001-33;2025-12-31;1;CONSTRUTORA SULTEPA S.A. - EM RECUPERAÇÃO JUDICIAL;013030;DFP;155778;2026-03-27;http://www.rad.cvm.gov.br/ENETCONSULTA/frmDownloadDocumento.aspx?CodigoInstituicao=1&NumeroSequencialDocumento=155778
89.850.341/0001-60;2025-12-31;1;GRENDENE S.A.;019615;DFP;155103;2026-03-05;http://www.rad.cvm.gov.br/ENETCONSULTA/frmDownloadDocumento.aspx?CodigoInstituicao=1&NumeroSequencialDocumento=155103
90.076.886/0001-40;2025-12-31;1;MINUPAR PARTICIPACOES S.A.;013765;DFP;155364;2026-03-14;http://www.rad.cvm.gov.br/ENETCONSULTA/frmDownloadDocumento.aspx?CodigoInstituicao=1&NumeroSequencialDocumento=155364
90.400.888/0001-42;2025-12-31;1;BCO SANTANDER (BRASIL) S.A.;020532;DFP;154583;2026-02-04;http://www.rad.cvm.gov.br/ENETCONSULTA/frmDownloadDocumento.aspx?CodigoInstituicao=1&NumeroSequencialDocumento=154583
90.400.888/0001-42;2025-12-31;2;BCO SANTANDER (BRASIL) S.A.;020532;DFP;154968;2026-02-27;http://www.rad.cvm.gov.br/ENETCONSULTA/frmDownloadDocumento.aspx?CodigoInstituicao=1&NumeroSequencialDocumento=154968
90.441.460/0001-48;2025-12-31;1;UNICASA INDÚSTRIA DE MÓVEIS S.A.;022780;DFP;155736;2026-03-26;http://www.rad.cvm.gov.br/ENETCONSULTA/frmDownloadDocumento.aspx?CodigoInstituicao=1&NumeroSequencialDocumento=155736
91.333.666/0001-17;2025-12-31;1;RECRUSUL S.A.;012572;DFP;155947;2026-03-31;http://www.rad.cvm.gov.br/ENETCONSULTA/frmDownloadDocumento.aspx?CodigoInstituicao=1&NumeroSequencialDocumento=155947
91.333.666/0001-17;2025-12-31;2;RECRUSUL S.A.;012572;DFP;155977;2026-04-01;http://www.rad.cvm.gov.br/ENETCONSULTA/frmDownloadDocumento.aspx?CodigoInstituicao=1&NumeroSequencialDocumento=155977
91.983.056/0001-69;2025-12-31;1;KEPLER WEBER S.A.;007870;DFP;154901;2026-02-25;http://www.rad.cvm.gov.br/ENETCONSULTA/frmDownloadDocumento.aspx?CodigoInstituicao=1&NumeroSequencialDocumento=154901
92.012.467/0001-70;2025-12-31;1;GRAZZIOTIN S.A.;004537;DFP;155360;2026-03-13;http://www.rad.cvm.gov.br/ENETCONSULTA/frmDownloadDocumento.aspx?CodigoInstituicao=1&NumeroSequencialDocumento=155360
92.660.570/0001-26;2025-12-31;1;TREVISA INVESTIMENTOS S.A.;008192;DFP;155804;2026-03-27;http://www.rad.cvm.gov.br/ENETCONSULTA/frmDownloadDocumento.aspx?CodigoInstituicao=1&NumeroSequencialDocumento=155804
92.665.611/0001-77;2025-12-31;1;DIMED S.A. DISTRIBUIDORA DE MEDICAMENTOS;009342;DFP;155509;2026-03-19;http://www.rad.cvm.gov.br/ENETCONSULTA/frmDownloadDocumento.aspx?CodigoInstituicao=1&NumeroSequencialDocumento=155509
92.690.783/0001-09;2025-12-31;1;METALURGICA GERDAU S.A.;008656;DFP;154833;2026-02-23;http://www.rad.cvm.gov.br/ENETCONSULTA/frmDownloadDocumento.aspx?CodigoInstituicao=1&NumeroSequencialDocumento=154833
92.693.019/0001-89;2025-12-31;1;PANATLANTICA S.A.;000094;DFP;155770;2026-03-27;http://www.rad.cvm.gov.br/ENETCONSULTA/frmDownloadDocumento.aspx?CodigoInstituicao=1&NumeroSequencialDocumento=155770
92.702.067/0001-96;2025-12-31;1;BANCO DO ESTADO DO RIO GRANDE DO SUL SA;001210;DFP;154711;2026-02-11;http://www.rad.cvm.gov.br/ENETCONSULTA/frmDownloadDocumento.aspx?CodigoInstituicao=1&NumeroSequencialDocumento=154711
92.715.812/0001-31;2025-12-31;1;CPFL TRANSMISSÃO S.A.;003204;DFP;155112;2026-03-05;http://www.rad.cvm.gov.br/ENETCONSULTA/frmDownloadDocumento.aspx?CodigoInstituicao=1&NumeroSequencialDocumento=155112
92.749.225/0001-63;2025-12-31;1;HERCULES S.A. FABRICA DE TALHERES;006629;DFP;155554;2026-03-20;http://www.rad.cvm.gov.br/ENETCONSULTA/frmDownloadDocumento.aspx?CodigoInstituicao=1&NumeroSequencialDocumento=155554
92.754.738/0001-62;2025-12-31;1;LOJAS RENNER S.A.;008133;DFP;155101;2026-03-05;http://www.rad.cvm.gov.br/ENETCONSULTA/frmDownloadDocumento.aspx?CodigoInstituicao=1&NumeroSequencialDocumento=155101
92.754.738/0001-62;2025-12-31;2;LOJAS RENNER S.A.;008133;DFP;155117;2026-03-05;http://www.rad.cvm.gov.br/ENETCONSULTA/frmDownloadDocumento.aspx?CodigoInstituicao=1&NumeroSequencialDocumento=155117
92.781.335/0001-02;2025-12-31;1;TAURUS ARMAS S.A.;006173;DFP;155647;2026-03-24;http://www.rad.cvm.gov.br/ENETCONSULTA/frmDownloadDocumento.aspx?CodigoInstituicao=1&NumeroSequencialDocumento=155647
92.791.243/0001-03;2025-12-31;1;IRANI PAPEL E EMBALAGEM S.A.;002429;DFP;154822;2026-02-23;http://www.rad.cvm.gov.br/ENETCONSULTA/frmDownloadDocumento.aspx?CodigoInstituicao=1&NumeroSequencialDocumento=154822
92.802.784/0001-90;2025-12-31;1;CIA RIOGRANDENSE DE SANEAMENTO;016748;DFP;156259;2026-04-16;http://www.rad.cvm.gov.br/ENETCONSULTA/frmDownloadDocumento.aspx?CodigoInstituicao=1&NumeroSequencialDocumento=156259
93.828.986/0001-73;2025-12-31;1;CEMEPE INVESTIMENTOS S.A.;013854;DFP;155618;2026-03-24;http://www.rad.cvm.gov.br/ENETCONSULTA/frmDownloadDocumento.aspx?CodigoInstituicao=1&NumeroSequencialDocumento=155618
94.813.102/0001-70;2025-12-31;1;TRÊS TENTOS AGROINDUSTRIAL S/A;025950;DFP;155096;2026-03-05;http://www.rad.cvm.gov.br/ENETCONSULTA/frmDownloadDocumento.aspx?CodigoInstituicao=1&NumeroSequencialDocumento=155096
95.426.862/0001-97;2025-12-31;1;EXCELSIOR ALIMENTOS S.A.;001570;DFP;155541;2026-03-20;http://www.rad.cvm.gov.br/ENETCONSULTA/frmDownloadDocumento.aspx?CodigoInstituicao=1&NumeroSequencialDocumento=155541
96.298.013/0001-68;2025-12-31;1;PACAEMBU CONSTRUTORA S.A.;025143;DFP;155165;2026-03-06;http://www.rad.cvm.gov.br/ENETCONSULTA/frmDownloadDocumento.aspx?CodigoInstituicao=1&NumeroSequencialDocumento=155165
96.418.264/0218-02;2025-12-31;1;LOJAS QUERO QUERO S.A.;025038;DFP;155058;2026-03-04;http://www.rad.cvm.gov.br/ENETCONSULTA/frmDownloadDocumento.aspx?CodigoInstituicao=1&NumeroSequencialDocumento=155058
97.191.902/0001-94;2025-12-31;1;CONSERVAS ODERICH S.A.;004693;DFP;155893;2026-03-31;http://www.rad.cvm.gov.br/ENETCONSULTA/frmDownloadDocumento.aspx?CodigoInstituicao=1&NumeroSequencialDocumento=155893
97.837.181/0001-47;2025-12-31;1;DEXCO S.A.;021091;DFP;155065;2026-03-04;http://www.rad.cvm.gov.br/ENETCONSULTA/frmDownloadDocumento.aspx?CodigoInstituicao=1&NumeroSequencialDocumento=155065
